"UUID","FILE","QUOTE_TRANSCRIPTION","ANCHOR","TYPE","URI","VOCAB_LABEL","VOCAB_TEMPORAL_BOUNDS","LAT","LNG","PLACE_TYPE","VERIFICATION_STATUS","TAGS","COMMENTS","GROUP_ID","GROUP_ORDER"
"1308f4f3-d720-4920-982f-f8b694fde3d9","HCM_1061.txt","Hereford","char-offset:59","PLACE","http://sws.geonames.org/2647074","Hereford","","52.05684","-2.71482","","UNVERIFIED","Nominative|Area|Ecclesiastical","diocese","",""
"68c014cc-31e2-46cc-a4a6-77143a4338cc","HCM_1061.txt","Hereford","char-offset:96","PLACE","http://sws.geonames.org/2647074","Hereford","","52.05684","-2.71482","","UNVERIFIED","Nominative|Building|Ecclesiastical","cathedral","",""
"c445806d-3763-4000-b9b6-6a3459e7c549","HCM_1061.txt","Bretun","char-offset:170","PLACE","","","","","","","UNVERIFIED","Nominative|Area","le Breton = of Bretagne
","",""
"f00dd08a-74a2-4746-b44a-86dd9869a094","HCM_1061.txt","churches of Uclemare","char-offset:206","PLACE","","","","","","","UNVERIFIED","Building|Ecclesiastical|OCR","Church of Holemare
","",""
"11f627d2-f5e8-4e00-baa8-4bdd9c5f907d","HCM_1061.txt","Longa Stanton’","char-offset:228","PLACE","","","","","","","UNVERIFIED","Building|Ecclesiastical","","",""
"30e57314-d054-4571-9330-a177986c54c4","HCM_1061.txt","ia Pipe","char-offset:248","PLACE","","","","","","","UNVERIFIED","Building|Ecclesiastical|OCR","church of La Pipe, as in Pipe and Hyde, presumably","",""
"eaa5aa57-0873-4fe8-b87b-f99de76c5323","HCM_1061.txt","church of Stanton',","char-offset:595","PLACE","","","","","","","UNVERIFIED","Building|Ecclesiastical","","",""
"1e69585e-77a4-4c9f-ad48-33ad6864d3a0","HCM_1061.txt","Bosebur’","char-offset:832","PLACE","","","","","","","UNVERIFIED","Given at|Building|Ecclesiastical","bishop's manor
","",""
"70958288-f5b0-495b-a76e-6aa841b91116","HCM_1069.txt","Beautre,","char-offset:80","PLACE","","","","","","","UNVERIFIED","Nominative|Settlement","","",""
"443b74dd-65bb-4ee2-a64e-f2c72ff8ef6b","HCM_1069.txt","diocese of Worcester","char-offset:102","PLACE","","","","","","","UNVERIFIED","Nominative|Area|Ecclesiastical","","",""
"5ef63d98-201d-4c2f-8019-b65ffbd306c8","HCM_1069.txt","Estenore","char-offset:157","PLACE","","","","","","","UNVERIFIED","Nominative|Settlement","Eastnor, near Ledbury
","",""
"50ad31d8-1639-4672-aa4d-b86977368bae","HCM_1069.txt","Swynefeud'","char-offset:203","PLACE","","","","","","","UNVERIFIED","Nominative|Settlement","","",""
"f5348051-a531-432d-867b-b213a22cabd9","HCM_1069.txt","Hereford","char-offset:233","PLACE","http://sws.geonames.org/2647074","Hereford","","52.05684","-2.71482","","UNVERIFIED","Nominative|Area|Ecclesiastical","diocese of
","",""
"c2ae6243-9bb6-4288-9f79-ad1bd392cc30","HCM_1069.txt","Winchester","char-offset:289","PLACE","http://sws.geonames.org/2633858","Winchester","","51.06513","-1.3187","","UNVERIFIED","Nominative|Area|Ecclesiastical","Diocese
","",""
"3c3da1d1-4d27-4667-90d3-287aece245be","HCM_1069.txt","Farnham in the diocese of Winchester","char-offset:304","PLACE","","","","","","","UNVERIFIED","Building|Ecclesiastical","Farnham Castle, bishop's manor-house
","",""
"9b523958-2c7a-4f7a-ba11-3a8c41317048","HCM_1069.txt","Swynefeud","char-offset:447","PLACE","","","","","","","UNVERIFIED","Nominative|Settlement","","",""
"96414e6d-45e9-4104-8d4e-82c6365f682a","HCM_1069.txt","Breynton'","char-offset:482","PLACE","","","","","","","UNVERIFIED","Nominative|Settlement","","",""
"76d5c8c2-81dd-4bc6-8e2e-e0513e4060be","HCM_1069.txt","Orleton',","char-offset:605","PLACE","http://sws.geonames.org/2640920","Orleton","","52.3","-2.75","","VERIFIED","Nominative|Settlement","","",""
"aa9554cc-8f81-4800-81f3-4a26a8aaa38f","HCM_1069.txt","Hereford,","char-offset:624","PLACE","http://sws.geonames.org/2647074","Hereford","","52.05684","-2.71482","","UNVERIFIED","Nominative|Building|Ecclesiastical","Cathedral","",""
"2c1ea252-735e-43d2-a179-08d5409ce083","HCM_1069.txt","Usk'","char-offset:646","PLACE","http://sws.geonames.org/2635052","Usk","","51.70347","-2.90332","","VERIFIED","Nominative|Settlement","","",""
"61865fe5-46bb-41a5-813d-0dcad7e77860","HCM_1069.txt","Winchester","char-offset:664","PLACE","http://sws.geonames.org/2633858","Winchester","","51.06513","-1.3187","","UNVERIFIED","Nominative|Area|Ecclesiastical","official of (bp of diocese of) Winchester
","",""
"71a0f0c1-0aa4-4fba-89d9-84c5e434eda6","HCM_1062.txt","church of Hereford","char-offset:73","PLACE","","","","","","","UNVERIFIED","Nominative|Building|Ecclesiastical","","",""
"bd370fa0-0446-4f5a-b5cb-d7bbfb0ebe2a","HCM_1062.txt","Hereford","char-offset:122","PLACE","http://sws.geonames.org/2647074","Hereford","","52.05684","-2.71482","","UNVERIFIED","Nominative|Area|Ecclesiastical","dioocese of
","",""
"e063022f-45bf-4d89-a3e1-d90147b3d897","HCM_1062.txt","Sevenak'","char-offset:192","PLACE","","","","","","","UNVERIFIED","Nominative|Settlement","","",""
"ecce2c69-fc71-4ec1-9fd5-a036ee17b99b","HCM_1062.txt","tomb son ade Thomas de Cantulupo","char-offset:282","PLACE","","","","","","","UNVERIFIED","Building|Ecclesiastical","at HC
","",""
"35783087-160f-47af-82ac-b65a8c550451","HCM_1062.txt","Hereford","char-offset:335","PLACE","http://sws.geonames.org/2647074","Hereford","","52.05684","-2.71482","","UNVERIFIED","Nominative|Area|Ecclesiastical","diocese of
","",""
"fd64bfa3-1663-4d1f-8ca5-5650a1183550","HCM_1062.txt","chapterhouse at Hereford","char-offset:356","PLACE","","","","","","","UNVERIFIED","Given at|Building|Ecclesiastical","","",""
"f66a29ac-5dbf-4f2a-89a5-5e5738e70793","HCM_1075.txt","pple outa","char-offset:57","PLACE","","","","","","","UNVERIFIED","Natural Feature|Nominative|OCR","ultra Wayam, i.e. upon the River Wye?","",""
"1ef5e9d2-5305-442b-b1ec-f2868a2c9b68","HCM_1075.txt","Swynesfeld'","char-offset:89","PLACE","","","","","","","UNVERIFIED","Nominative|Settlement","","",""
"477cec87-81a6-415d-bbd9-fa2ce5460b54","HCM_1075.txt","Hereford","char-offset:112","PLACE","http://sws.geonames.org/2647074","Hereford","","52.05684","-2.71482","","UNVERIFIED","Nominative|Area|Ecclesiastical","diocese of
","",""
"9f95dee9-9257-404b-af9a-d0babf151c80","HCM_1075.txt","Hereford","char-offset:166","PLACE","http://sws.geonames.org/2647074","Hereford","","52.05684","-2.71482","","VERIFIED","Settlement","","",""
"61054a57-d660-4bde-b0f1-3a276ebe55d9","HCM_1075.txt","Wayvam","char-offset:301","PLACE","","","","","","","UNVERIFIED","Natural Feature","river Wye (ad Wayam)","",""
"8f34f5d1-9673-47d9-90c7-adcaceac3877","HCM_1075.txt","Bruneshope","char-offset:344","PLACE","","","","","","","UNVERIFIED","Nominative|Settlement","","",""
"46cb54d4-c512-44bc-b95c-15a8a91c044b","HCM_1075.txt","Welyntone","char-offset:367","PLACE","","","","","","","UNVERIFIED","Nominative|Settlement","","",""
"e54e22a2-56d3-4f15-aa56-6a9d4cef1023","HCM_1075.txt","oo","char-offset:426","PLACE","http://sws.geonames.org/7383823","Oo","","-8.4215","118.5979","","UNVERIFIED","Settlement|OCR","Broyntone = Breinton","",""
"d6310fc6-4428-40be-b5ae-cf7e87832208","HCM_1075.txt","Cattefeld,","char-offset:437","PLACE","","","","","","","UNVERIFIED","Nominative|Settlement","","",""
"1a2ad5bb-aa1b-4f93-8868-912388f594be","HCM_1074.txt","Teukesbury","char-offset:49","PLACE","","","","","","","UNVERIFIED","Nominative|Settlement","","",""
"6f8c16e9-1766-47aa-a7f6-e0d16f91805f","HCM_1074.txt","Suynefeud","char-offset:83","PLACE","","","","","","","UNVERIFIED","Nominative|Settlement","","",""
"5cd0dc1c-00f8-4c35-88e6-6ed8d36c33c6","HCM_1074.txt","water-mill _ @alled Sapyesmulne , which he held in the tow of wyteburne","char-offset:139","PLACE","","","","","","","UNVERIFIED","Building|Mercantile|OCR","Sapyesmulne, water mill in Whitbourne
","",""
"cb345449-44f0-4ac4-9fcd-c1276bfafbd0","HCM_1074.txt","wyteburne","char-offset:201","PLACE","","","","","","","UNVERIFIED","Settlement","Whitbourne?","",""
"a1b79960-e712-4afc-8fd3-826fb98e1f89","HCM_1074.txt","Mortuomsr',","char-offset:288","PLACE","","","","","","","UNVERIFIED","Nominative|Settlement","","",""
"0f3bce1b-f7c2-4f3f-93af-1bce085c684c","HCM_1074.txt","le Bureote","char-offset:325","PLACE","","","","","","","UNVERIFIED","Nominative|Settlement|OCR","Burcote","",""
"92363d3c-184b-47df-80a3-3c2843e9d5c9","HCM_1074.txt","Furches","char-offset:347","PLACE","","","","","","","UNVERIFIED","Nominative|Settlement","","",""
"e1275dbb-544f-4959-92bb-00117a4795b7","HCM_1074.txt","la were","char-offset:367","PLACE","http://pleiades.stoa.org/places/471951","Ilienses","-0330/0300","40.5","8.5","people","UNVERIFIED","Nominative|Natural Feature","","",""
"9c7e6f50-2b3f-4ce2-a7e1-594da9711c64","HCM_1074.txt","Troye,","char-offset:386","PLACE","","","","","","","UNVERIFIED","Nominative|Settlement","","",""
"6a735516-2405-4cd5-b120-753645b0db31","HCM_1074.txt","Gynes","char-offset:403","PLACE","","","","","","","UNVERIFIED","Nominative|Settlement","","",""
"edf93db0-ef33-4486-bb62-75657f34cd23","HCM_1074.txt","Cormton',","char-offset:418","PLACE","","","","","","","UNVERIFIED","Nominative|Settlement","","",""
"c66c244f-14bc-4dcb-a0b5-ae0b019ee2d4","HCM_1053.txt","Penebrugg'","char-offset:116","PLACE","","","","","","","UNVERIFIED","Nominative|Settlement","","",""
"dfacb6d7-8ee2-4ebb-950d-50749d7e97d6","HCM_1053.txt","Clehangres","char-offset:136","PLACE","","","","","","","UNVERIFIED","Nominative|Area|Governmental","","",""
"756d7819-f613-488e-bff3-5ad6d66deedc","HCM_1053.txt","Swynesfeld","char-offset:311","PLACE","","","","","","","UNVERIFIED","Nominative|Settlement","","",""
"75365f01-1903-4613-ac7f-b21967f64e73","HCM_1053.txt","Hereford","char-offset:333","PLACE","http://sws.geonames.org/2647074","Hereford","","52.05684","-2.71482","","UNVERIFIED","Nominative|Area|Ecclesiastical","diocese","",""
"aa60b98b-1c5c-47a9-a748-90a46eb6853a","HCM_1053.txt","Doweswalle","char-offset:346","PLACE","","","","","","","UNVERIFIED","Settlement","","",""
"4a50527d-7988-44d0-9153-ae4dd5cd0072","HCM_1053.txt","Wormeton',","char-offset:358","PLACE","","","","","","","UNVERIFIED","Settlement","","",""
"7943eab0-b35d-4ed3-964b-d99d9ce4d9b7","HCM_1053.txt","Doweschirche.","char-offset:373","PLACE","","","","","","","UNVERIFIED","Settlement","","",""
"718ad3e5-54cc-466a-a320-a9c7313971cd","HCM_1053.txt","Clehangre","char-offset:396","PLACE","","","","","","","UNVERIFIED","Given at|Settlement","","",""
"ee1652e7-969c-4236-b537-8e340e14303a","HCM_1053.txt","“we","char-offset:446","PLACE","http://maps.cga.harvard.edu/tgaz/placename/hvd_95564","Zuoyunchuan We","1449/1643","40.00809","112.69357","","UNVERIFIED","Nominative|Area|Governmental|OCR","Waleys","",""
"41ce3b93-ca84-4c3b-a4f6-abbfc2e0ca66","HCM_1053.txt","Tyberton',","char-offset:491","PLACE","http://sws.geonames.org/2635288","Tyberton","","52.0455","-2.90414","","UNVERIFIED","Nominative|Settlement","","",""
"d8c8a096-d5bb-4dfe-b373-caa83285ffbd","HCM_1053.txt","le weer)","char-offset:512","PLACE","","","","","","","UNVERIFIED","Nominative|Settlement|OCR","la Calewe","",""
"44ba00fb-e2ca-4d45-a1e9-da42c3b0f6e6","HCM_1053.txt","Lodelawe","char-offset:549","PLACE","","","","","","","UNVERIFIED","Nominative|Settlement","","",""
"9b67d9da-b6c0-414c-a5cd-05fe72f7eed1","HCM_1055.txt","Suynefeud","char-offset:123","PLACE","","","","","","","UNVERIFIED","Nominative|Settlement","","",""
"53e79771-8792-4c30-a47b-5ac9adf94c4c","HCM_1055.txt","Hereford","char-offset:137","PLACE","http://sws.geonames.org/2647074","Hereford","","52.05684","-2.71482","","UNVERIFIED","Nominative|Area|Ecclesiastical","diocese","",""
"c720c453-893f-48d6-a032-c476ba1cf78f","HCM_1055.txt","Witteneye","char-offset:175","PLACE","","","","","","","UNVERIFIED","Nominative|Settlement|Research","place or not?
""le Witteneye"" = surely a placename?","",""
"9c464a23-6131-46a4-90ad-3704092218f9","HCM_1055.txt","Penebrugge","char-offset:259","PLACE","","","","","","","UNVERIFIED","Nominative|Settlement","","",""
"2ad7e336-5ba7-481d-bbcc-444da2b0c20f","HCM_1055.txt","Wyggemor'","char-offset:375","PLACE","","","","","","","UNVERIFIED","Nominative|Settlement","","",""
"67b510c7-e3ea-4a7e-bb17-74a143cd3689","HCM_1055.txt","Doweswalle","char-offset:459","PLACE","","","","","","","UNVERIFIED","Settlement","","",""
"d7b735af-6439-4ab2-91ba-f5d78bec1435","HCM_1055.txt","Wormeton'","char-offset:471","PLACE","","","","","","","UNVERIFIED","Settlement","","",""
"1466bbed-c13e-4af8-a10b-0714c8cfe0e5","HCM_1055.txt","Doweschirche","char-offset:486","PLACE","","","","","","","UNVERIFIED","Settlement","","",""
"738db136-f078-4cc9-9f4c-e468bdba4cf2","HCM_1055.txt","Bosebur',","char-offset:509","PLACE","","","","","","","UNVERIFIED","Given at|Building|Ecclesiastical","bishop's manor
","",""
"f1083a71-6631-4d1e-b86d-f529694c823a","HCM_1055.txt","Waleys","char-offset:558","PLACE","","","","","","","UNVERIFIED","Nominative|Area|Governmental","le waleys = from Wales
","",""
"4a4a0cfa-d76a-4efe-98fb-9f8f55d8065f","HCM_1055.txt","Tib'ton'","char-offset:607","PLACE","","","","","","","UNVERIFIED","Nominative|Settlement","","",""
"fe45f32a-1352-4a96-8207-303c770ca7fe","HCM_1055.txt","la Calewe","char-offset:628","PLACE","","","","","","","UNVERIFIED","Nominative|Natural Feature","","",""
"5a90fd9b-3f94-4600-88cb-db7d81d9f716","HCM_1055.txt","Lodelowe","char-offset:665","PLACE","","","","","","","UNVERIFIED","Nominative|Settlement","","",""
"d6901cc6-6449-4ea4-9ad7-bcaddddd764d","HCM_1060.txt","Hereford","char-offset:111","PLACE","http://sws.geonames.org/2647074","Hereford","","52.05684","-2.71482","","UNVERIFIED","Nominative|Area|Ecclesiastical","diocese","",""
"276193a8-eaab-4bf2-a52e-e9ec679ade26","HCM_1060.txt","convent of Shrewsbury","char-offset:156","PLACE","","","","","","","UNVERIFIED","Nominative|Building|Ecclesiastical","","",""
"cb0b7ae7-6e08-4c4f-8bc7-020e5c370a87","HCM_1060.txt","Hereford","char-offset:201","","","","","","","","","Nominative|Building|Ecclesiastical","Cathedral","",""
"5e89a6b6-8bec-4142-b964-648a5ea75a76","HCM_1060.txt","church of Duddiebur'","char-offset:270","PLACE","","","","","","","UNVERIFIED","Building|Ecclesiastical","","",""
"ff66a7aa-ba83-4955-bc05-22b6bfa430c7","HCM_1060.txt","church of Stottesdon’","char-offset:488","PLACE","","","","","","","UNVERIFIED","Building|Ecclesiastical","","",""
"8493812f-24fe-4212-baaf-e58e23b04649","HCM_1060.txt","church of Speiee_Hglagad","char-offset:689","PLACE","","","","","","","UNVERIFIED","Building|Ecclesiastical|OCR","church of Castro Holegod","",""
"383430fa-dc1d-42fe-a51b-8660727cae63","HCM_1060.txt","priory of Vormele","char-offset:1006","PLACE","","","","","","","UNVERIFIED","Given at|Building|Ecclesiastical|OCR","Wormsley Priory","",""
"389b49b2-0a4c-47dc-8f0b-226acba1ce3c","HCM_1070.txt","la More,","char-offset:83","PLACE","http://pleiades.stoa.org/places/912986","Uruk/Orchoe/Erech/Orikut|Uruk/Orchoe/Erech/Orikut, Warka","-6200/2100","31.32216","45.63782","settlement,urban","UNVERIFIED","Nominative|Natural Feature","","",""
"9c85b8b1-0ad2-4c1a-b3f7-abf71754ad47","HCM_1070.txt","diocese of Exeter","char-offset:105","PLACE","","","","","","","UNVERIFIED","Nominative|Area|Ecclesiastical","","",""
"c61b3b88-717c-4899-b1e9-cdc48705fff9","HCM_1070.txt","Estenore","char-offset:167","PLACE","","","","","","","UNVERIFIED","Nominative|Settlement","Eastnor nr Ledbury
","",""
"3b6778a5-19aa-4939-9721-5aff723e37ea","HCM_1070.txt","diocese of Hereford","char-offset:183","PLACE","","","","","","","UNVERIFIED","Nominative|Area|Ecclesiastical","","",""
"fbf2e9b7-23fe-48a1-af39-45f5515121cd","HCM_1070.txt","Swynesfeld'","char-offset:266","PLACE","","","","","","","UNVERIFIED","Nominative|Settlement","","",""
"4a0d8f57-2b75-4238-a3b2-06685bb044f3","HCM_1070.txt","Breynton'","char-offset:349","PLACE","","","","","","","UNVERIFIED","Nominative|Settlement","","",""
"1736377c-5dd2-49be-a3e0-c67c6bf1fa59","HCM_1070.txt","Radenore","char-offset:650","PLACE","","","","","","","UNVERIFIED","Nominative|Settlement","","",""
"c3b55825-4883-4cac-bf8c-75b18336766a","HCM_1070.txt","aner","char-offset:674","PLACE","","","","","","","UNVERIFIED","Nominative|Settlement|OCR","Eastnor (Estenore)","",""
"ee32182b-47f6-4c23-b245-a95a906b4f39","HCM_1076.txt","Hereford","char-offset:100","PLACE","http://sws.geonames.org/2647074","Hereford","","52.05684","-2.71482","","UNVERIFIED","Nominative|Area|Ecclesiastical","Diocese of
","",""
"bd7436f0-2671-4424-9bba-269763e69d58","HCM_1054.txt","Suynefeud","char-offset:102","PLACE","","","","","","","UNVERIFIED","Nominative|Settlement","","",""
"56938d43-0762-41d6-81f5-80e05ae016c9","HCM_1054.txt","Hereford","char-offset:123","PLACE","http://sws.geonames.org/2647074","Hereford","","52.05684","-2.71482","","UNVERIFIED","Nominative|Area|Ecclesiastical","diocese","",""
"517e393a-bf59-4480-bcc1-11dfd211cac2","HCM_1054.txt","Penebrugg'","char-offset:153","PLACE","","","","","","","UNVERIFIED","Nominative|Settlement","","",""
"31510c08-59c7-4112-bb12-488ce2bf5d14","HCM_1054.txt","ky ggemor’","char-offset:293","PLACE","","","","","","","UNVERIFIED","Nominative|Settlement|OCR","Wigmore","",""
"9b60b0f6-d758-4aaa-9c73-4c9328529984","HCM_1054.txt","Doweswalle","char-offset:377","PLACE","","","","","","","UNVERIFIED","Settlement","","",""
"38302447-08dc-4a8a-bfb3-84045cd0ee72","HCM_1054.txt","wormeton’","char-offset:389","PLACE","","","","","","","UNVERIFIED","Settlement","","",""
"914fb497-5e3d-4208-b60f-943314d04262","HCM_1054.txt","Doweschirche","char-offset:404","PLACE","","","","","","","UNVERIFIED","Settlement","","",""
"6bcf022d-1c1c-4c3b-a6d2-31dca6f1b005","HCM_1054.txt","bosebur'.","char-offset:429","PLACE","","","","","","","UNVERIFIED","Given at|Building|Ecclesiastical","Bishop's manor
","",""
"79afb4c0-e0e6-46d7-be3f-538c59bb30c9","HCM_1054.txt","Waleys","char-offset:478","PLACE","","","","","","","UNVERIFIED","Nominative|Area|Governmental","le Waleys = of Wales
","",""
"8c35cab9-f2e2-40fa-8f19-757760cbad12","HCM_1054.txt","Tib'ton'","char-offset:527","PLACE","","","","","","","UNVERIFIED","Nominative|Settlement","","",""
"ea6c2f9d-8c70-4f07-96d5-9c34659d45ed","HCM_1054.txt","la Calewe","char-offset:548","PLACE","","","","","","","UNVERIFIED","Nominative|Natural Feature","","",""
"38479e30-8182-4568-b823-8cd514e77f70","HCM_1054.txt","Lodelowe","char-offset:586","PLACE","","","","","","","UNVERIFIED","Nominative|Settlement","","",""
"ff061496-e222-40e7-8683-6bb9f6914438","HCM_1063.txt","Hereford","char-offset:81","PLACE","http://sws.geonames.org/2647074","Hereford","","52.05684","-2.71482","","UNVERIFIED","Nominative|Area|Ecclesiastical","diocese","",""
"57a1ebdd-7dfd-45cf-b798-fa842bc8febf","HCM_1063.txt","church of Woluyuehop'","char-offset:111","PLACE","","","","","","","UNVERIFIED","Nominative|Building|Ecclesiastical","","",""
"94a26082-1bc3-4ae5-adbd-0944242aaf5b","HCM_1063.txt","diocese of Hereford","char-offset:140","PLACE","","","","","","","UNVERIFIED","Nominative|Area|Ecclesiastical","","",""
"5f02e99e-1ca1-43f2-b7e0-c41b8bad7592","HCM_1063.txt","Woluyuehop'.","char-offset:424","PLACE","","","","","","","UNVERIFIED","Settlement|Ecclesiastical","manor or liberty of Hereford D&C there
","",""
"0ca94fed-4517-4ff8-afa6-a4745ddc643d","HCM_1063.txt","Bosebur'.","char-offset:446","PLACE","","","","","","","UNVERIFIED","Given at|Building|Ecclesiastical","bishop's manor
","",""
"df95a496-baa3-4759-ab6f-a3535d6c4909","HCM_1073.txt","Swynesfeld","char-offset:103","PLACE","","","","","","","UNVERIFIED","Nominative|Settlement","","",""
"b28a7977-2fd1-4070-8bff-ee8891d89a20","HCM_1073.txt","Hereford","char-offset:125","PLACE","http://sws.geonames.org/2647074","Hereford","","52.05684","-2.71482","","UNVERIFIED","Nominative|Area|Ecclesiastical","diocese","",""
"a0564144-a8be-4cb5-b45f-679cbbe6de43","HCM_1073.txt","Hereford","char-offset:166","PLACE","http://sws.geonames.org/2647074","Hereford","","52.05684","-2.71482","","UNVERIFIED","Settlement","","",""
"c5e119e5-020d-4758-866c-337763eb7d4d","HCM_1073.txt","Wayame","char-offset:299","PLACE","","","","","","","UNVERIFIED","Natural Feature","River Wye","",""
"f3fac1b3-a606-4863-8fd3-188be9ee5c63","HCM_1073.txt","Welyntone","char-offset:366","PLACE","","","","","","","UNVERIFIED","Nominative|Settlement","","",""
"230c946e-3c6f-42db-94f6-da2bf8aee465","HCM_1073.txt","Bruneshope","char-offset:396","PLACE","","","","","","","UNVERIFIED","Nominative|Settlement","","",""
"26a22898-87ff-47fc-a821-7d1ed55dccdc","HCM_1073.txt","Broyntone","char-offset:418","PLACE","","","","","","","UNVERIFIED","Nominative|Settlement","Breinton","",""
"b28dc1db-40c9-4206-96be-d04641e3cf4c","HCM_1073.txt","Clynelode","char-offset:437","PLACE","","","","","","","UNVERIFIED","Nominative|Settlement","","",""
"2d961f71-e73e-4c9b-abe0-68fe8abe18ee","HCM_1056.txt","Sancto Omero","char-offset:67","PLACE","","","","","","","UNVERIFIED","Nominative|Settlement","","",""
"39463735-2e2e-4711-91bf-55ed08033c7b","HCM_1056.txt","Hereford,","char-offset:90","PLACE","http://sws.geonames.org/2647074","Hereford","","52.05684","-2.71482","","UNVERIFIED","Nominative|Building|Ecclesiastical","cathedral","",""
"a89725d2-e60d-411c-9385-4aa78a380fdb","HCM_1056.txt","Creppingg',","char-offset:119","PLACE","","","","","","","UNVERIFIED","Nominative|Settlement","","",""
"a2419db9-7576-4ff4-b923-6d61d81061ed","HCM_1056.txt","Creppingg',","char-offset:157","PLACE","","","","","","","UNVERIFIED","Nominative|Settlement","","",""
"7173da01-8165-479e-8d99-10e6b04f900e","HCM_1056.txt","Hereford","char-offset:178","PLACE","http://sws.geonames.org/2647074","Hereford","","52.05684","-2.71482","","UNVERIFIED","Nominative|Building|Ecclesiastical","cathedral","",""
"80c0cd4a-340c-4aac-85b9-c92d7dbdda75","HCM_1056.txt","Hereford","char-offset:210","PLACE","http://sws.geonames.org/2647074","Hereford","","52.05684","-2.71482","","UNVERIFIED","Nominative|Area|Ecclesiastical","diocese","",""
"4a8e689b-d0ad-443a-85df-5989a2ae8310","HCM_1056.txt","Wormeleye","char-offset:277","PLACE","","","","","","","UNVERIFIED","Nominative|Settlement","","",""
"33dbb3a1-6b17-4492-93d9-8b53c20a2467","HCM_1056.txt","Here","char-offset:522","PLACE","http://mapoflondon.uvic.ca/COUS1.htm","Cousin Lane","","","","","UNVERIFIED","Given at|Settlement|OCR","Hereford","",""
"05fc0dc3-914e-413b-bf8c-8c7fb7192fd0","HCM_1065.txt","Hereford","char-offset:77","PLACE","http://sws.geonames.org/2647074","Hereford","","52.05684","-2.71482","","UNVERIFIED","Nominative|Area|Ecclesiastical","diocese","",""
"e3223eae-b42d-4851-9d00-23c3f25bf61b","HCM_1065.txt","Hereford","char-offset:114","PLACE","http://sws.geonames.org/2647074","Hereford","","52.05684","-2.71482","","UNVERIFIED","Nominative|Building|Ecclesiastical","cathedral","",""
"2276e6c9-6edb-4b18-9c81-ff07e292388f","HCM_1065.txt","la Maudeleyne","char-offset:142","PLACE","","","","","","","UNVERIFIED","Nominative|Settlement","","",""
"5b7d5e6a-5cff-40a8-9cb0-2c74362ff641","HCM_1065.txt","Westminster","char-offset:196","PLACE","http://sws.geonames.org/5408406","Westminster","","33.75918","-118.00673","","UNVERIFIED","Building|Governmental","","",""
"078a57b4-f348-46e3-86e7-024a0b1d1223","HCM_1065.txt","Bosebur’","char-offset:495","PLACE","","","","","","","UNVERIFIED","Given at|Building|Ecclesiastical","bishop's manor
","",""
"bfa28de7-1c5d-4cd6-b9c9-f9d8be831eec","HCM_1071.txt","la More","char-offset:84","PLACE","http://pleiades.stoa.org/places/912986","Uruk/Orchoe/Erech/Orikut|Uruk/Orchoe/Erech/Orikut, Warka","-6200/2100","31.32216","45.63782","settlement,urban","UNVERIFIED","Nominative|Settlement","","",""
"4cb424e4-921d-45d6-877c-d20f2b574d5f","HCM_1071.txt","diocese of Exeter","char-offset:106","PLACE","","","","","","","UNVERIFIED","Nominative|Area|Ecclesiastical","","",""
"63e0c103-69d2-4152-ac50-765a82aaff48","HCM_1071.txt","Nonynton'","char-offset:159","PLACE","","","","","","","UNVERIFIED","Nominative|Settlement","in diocese of Canterbury","",""
"fbe5b506-8859-438c-9d04-8e133f3c34b0","HCM_1071.txt","diocese of Canterbury","char-offset:176","PLACE","","","","","","","UNVERIFIED","Nominative|Area|Ecclesiastical","","",""
"4c98907c-2203-4cdf-bac2-6937937aeed4","HCM_1071.txt","Hereford","char-offset:266","PLACE","http://sws.geonames.org/2647074","Hereford","","52.05684","-2.71482","","UNVERIFIED","Nominative|Area|Ecclesiastical","diocese","",""
"7b628bc5-e4fe-430d-b11b-fe6cc809e7b9","HCM_1071.txt","Breynton'","char-offset:319","PLACE","","","","","","","UNVERIFIED","Nominative|Settlement","","",""
"cf389e44-0f95-430f-8040-64d8f70182c1","HCM_1071.txt","Hereford","char-offset:339","PLACE","http://sws.geonames.org/2647074","Hereford","","52.05684","-2.71482","","UNVERIFIED","Nominative|Building|Ecclesiastical","cathedral","",""
"762ac44a-2c0f-426f-bda5-dbf4b0697000","HCM_1071.txt","Hompton'","char-offset:577","PLACE","","","","","","","UNVERIFIED","Nominative|Settlement","","",""
"c327971e-e5ac-4348-8430-90cf1b9125e9","HCM_1071.txt","Bokenhull'","char-offset:600","PLACE","","","","","","","UNVERIFIED","Nominative|Settlement","","",""
"684453a5-dc6b-4435-a021-cafad4861473","HCM_1059.txt","Hereford","char-offset:83","PLACE","http://sws.geonames.org/2647074","Hereford","","52.05684","-2.71482","","UNVERIFIED","Nominative|Area|Ecclesiastical","diocese","",""
"84fc1482-dce2-4458-802a-669399db94bf","HCM_1059.txt","Hereford","char-offset:120","PLACE","http://sws.geonames.org/2647074","Hereford","","52.05684","-2.71482","","UNVERIFIED","Nominative|Building|Ecclesiastical","Cathedral","",""
"5dd63398-dd6f-4a91-a24f-d1d8991b7ec0","HCM_1059.txt","Llandaff","char-offset:230","PLACE","http://geo-kima.org/place/6384","Llandaff (Wales)","","","","","UNVERIFIED","Nominative|Area|Ecclesiastical","diocese of
","",""
"4643ba9a-0099-4e3a-b8e4-0fc89aac6469","HCM_1059.txt","Sugwas","char-offset:328","PLACE","","","","","","","UNVERIFIED","Given at|Building|Ecclesiastical","bishop's manor
","",""
"39db1a79-def4-4b7b-b206-01521608be72","HCM_1064.txt","Cherelton’","char-offset:44","PLACE","","","","","","","UNVERIFIED","Nominative|Settlement","Charleton","",""
"47c84181-f75b-4d8d-8dd8-1511af892052","HCM_1064.txt","Hereford","char-offset:100","PLACE","http://sws.geonames.org/2647074","Hereford","","52.05684","-2.71482","","UNVERIFIED","Nominative|Area|Ecclesiastical","diocese","",""
"9d545d33-72d9-4803-ade7-f1b3bc9a4209","HCM_1064.txt","chureh of Byford","char-offset:189","PLACE","","","","","","","UNVERIFIED","Building|Ecclesiastical","","",""
"cb2dcbd0-fcc7-4b88-861f-01fcbdad30d9","HCM_1064.txt","Mortimer","char-offset:219","PLACE","http://sws.geonames.org/2636716","Stratfield Mortimer","","51.37339","-1.03495","","UNVERIFIED","Nominative|Settlement","","",""
"28b6a6d4-612c-4d75-8664-d14f54bf2b89","HCM_1064.txt","rece and frime","char-offset:233","PLACE","","","","","","","UNVERIFIED","Settlement|OCR","Wigmore (lord of)","",""
"5e6b4aea-0b43-4dd6-bf1e-fe89ee149388","HCM_1064.txt","men","char-offset:281","PLACE","http://www.hgis-indias.net/dokuwiki/doku.php?id=gazetteer:7000407","Men-Men","","-41.78212","-73.13679","Pueblo","UNVERIFIED","Nominative|Building|Ecclesiastical|OCR","Breghenen priory","",""
"f5ea4b99-31cb-4681-9775-31d5539c76ba","HCM_1072.txt","diocese of Canterbury","char-offset:108","PLACE","","","","","","","UNVERIFIED","Nominative|Area|Ecclesiastical","","",""
"f890f60c-420c-4f73-951d-e0649a3cce84","HCM_1072.txt","Swynesfeld","char-offset:220","PLACE","","","","","","","UNVERIFIED","Nominative|Settlement","","",""
"cca5e706-436d-49bb-974a-04cd18c4d632","HCM_1072.txt","Hereford","char-offset:252","PLACE","http://sws.geonames.org/2647074","Hereford","","52.05684","-2.71482","","UNVERIFIED","Nominative|Area|Ecclesiastical","diocese","",""
"43f975fe-3599-424f-b46a-0484a3da7884","HCM_1072.txt","Breynton'","char-offset:460","PLACE","","","","","","","UNVERIFIED","Nominative|Settlement","","",""
"59c54dc0-d885-4243-8b6c-582a1558ab62","HCM_1072.txt","church of Hereford","char-offset:483","PLACE","","","","","","","UNVERIFIED","Nominative|Building|Ecclesiastical","","",""
"48cc5a08-12c4-4505-b7e0-7a9058cc2077","HCM_1072.txt","Lugardyn","char-offset:647","PLACE","","","","","","","UNVERIFIED","Nominative|Settlement","","",""
"25e59dd8-b390-4446-9b0c-6f0601091d1f","HCM_1072.txt","la Mersche.","char-offset:671","PLACE","","","","","","","UNVERIFIED","Nominative|Settlement","","",""
"394e1b4f-a93b-4db3-9b42-4fd44ac1154e","HCM_1058.txt","Shrewsbury","char-offset:41","PLACE","http://sws.geonames.org/2637891","Shrewsbury","","52.71009","-2.75208","","UNVERIFIED","Nominative|Building|Ecclesiastical","Abbey of","",""
"e692996a-0121-4ca8-8243-4c8c6163a266","HCM_1058.txt","Hereford","char-offset:120","PLACE","http://sws.geonames.org/2647074","Hereford","","52.05684","-2.71482","","UNVERIFIED","Nominative|Area|Ecclesiastical","diocese","",""
"1a1a74c8-26e1-4ccd-9cb7-13b51596cb03","HCM_1058.txt","husgetora","char-offset:227","PLACE","","","","","","","UNVERIFIED","Settlement|OCR","Tuggeford","",""
"2f40c81f-2fda-4f0f-80f6-ed9163444c0d","HCM_1058.txt","field called le Ocfeld","char-offset:244","PLACE","","","","","","","UNVERIFIED","Agricultural","","",""
"ec41d342-2848-4a8d-9799-00950c8e88e5","HCM_1058.txt","rond called le Mersuuey","char-offset:411","PLACE","","","","","","","UNVERIFIED","Roadway|OCR","road called the ""Marsh-way""","",""
"805140a4-5d28-4b05-a11c-b545ac2fc726","HCM_1058.txt","le Merleput near le Coldoc","char-offset:438","PLACE","","","","","","","UNVERIFIED","Agricultural","","",""
"a8258dd7-fd8a-458a-a14b-d7e713b7db1b","HCM_1058.txt","le Coldoc","char-offset:455","PLACE","","","","","","","UNVERIFIED","Agricultural","","",""
"93d203fa-03ea-49f9-b571-d7aa1c7eb5af","HCM_1058.txt","church of the seme tow","char-offset:502","PLACE","","","","","","","UNVERIFIED","Building|Ecclesiastical","ie Tuggeford church","",""
"279c71d9-41ae-4e46-a9eb-6cafbb323359","HCM_1058.txt","convent","char-offset:567","","","","","","","","","","Shrewsbury Abbey","",""
"0396961a-3d3e-42b2-b32b-02269e32f65c","HCM_1058.txt","church of ois phot gro","char-offset:587","PLACE","","","","","","","UNVERIFIED","Building|Ecclesiastical|OCR","Holegodescastel church","",""
"c0d300a9-43cd-4f0e-b54b-d7bdaf4e81f0","HCM_1058.txt","Burhullo","char-offset:711","PLACE","","","","","","","UNVERIFIED","Nominative|Settlement|OCR","Burhulle","",""
"88c19a01-ae50-4118-b0b3-31308e8b4f27","HCM_1058.txt","Bradeleye,","char-offset:743","PLACE","","","","","","","UNVERIFIED","Nominative|Settlement","","",""
"9ebc3791-a507-4a05-b0c4-347d245f0a39","HCM_1058.txt","Butterleye","char-offset:763","PLACE","","","","","","","UNVERIFIED","Nominative|Settlement","","",""
"a75f50d6-cf0c-4965-8536-97f07f953ede","HCM_1058.txt","*","char-offset:786","PLACE","http://sws.geonames.org/7628362","Sigulda","","57.08430030030029","24.899018018018023","","UNVERIFIED","Nominative|Settlement|OCR","Middelhop'","",""
"8dc7b0ab-6398-4c78-a6cc-ebc3d05e1523","HCM_1058.txt","Clintone","char-offset:796","PLACE","","","","","","","UNVERIFIED","Nominative|Settlement","","",""
"8a48c0d5-b2c4-4fca-a2ac-f79843c5a29d","HCM_1058.txt","Grete,","char-offset:825","PLACE","","","","","","","UNVERIFIED","Nominative|Settlement","","",""
"5c1dc734-57ce-46ff-a6b6-d45036154937","HCM_1058.txt","Hanleye","char-offset:842","PLACE","","","","","","","UNVERIFIED","Nominative|Settlement","","",""
"5d2774b5-321a-48f3-bbe7-09f6dc454d6d","HCM_1058.txt","Sutton'","char-offset:860","PLACE","http://sws.geonames.org/6160070","Sutton","","45.10008","-72.61582","","UNVERIFIED","Nominative|Settlement","","",""
"f5e4ffbf-2e7d-46c1-b9d7-a9587d157c92","HCM_1058.txt","lunselowe","char-offset:913","PLACE","","","","","","","UNVERIFIED","Nominative|Settlement|OCR","Munselowe","",""
