Normalized text	Document Number	Alternate Numbering	UUID	Person ID	QUOTE_TRANSCRIPTION	Supplemental naming	TYPE	COMMENTS	LAT	LNG	TAGS	Unhandled Tags 2	Named by	Scribe	Principal	Witness	Dead	Gender
	HCM 326						PLACE											
	HCM 2200						PLACE											
	RBLR 1819						PLACE											
	RBLR 1607						PLACE											
	HCM 2050						PLACE											
	HCM 2137						PLACE											
	HCM 2470						PLACE											
	HCM 2593						PLACE				Given at							
	HCM 2710						PLACE				Given at							
	HCM 1729						PLACE											
	HCM 1656						PLACE											
	HCM 18						PLACE											
	HCM 1485						PLACE											
	HCM 1174						PLACE											
	HCM 123						PLACE											
	RBLR 1709	RBLR 1709, HCM 1046					PLACE				Given at							
	HCM 635						PLACE											
	HCM 2056						PLACE											
	HCM 945						PLACE											
	HCM 426						PLACE		54.971377	-2.740968								
	RBLR 1604	RBLR 1604, HCM 35					PLACE		54.971377	-2.740968								
	HCM 558						PLACE											
	HCM 2056						PLACE											
	HCM 375						PLACE											
	HCM 340						PLACE											
	HCM 325						PLACE											
	HCM 323						PLACE											
	HCM 1720						PLACE											
	HCM 66						PLACE											
	HCM 470						PLACE											
	HCM 186						PLACE											
	HCM 182						PLACE											
	HCM 82						PLACE											
	HCM 1221						PLACE											
	HCM 174						PLACE											
	HCM 395						PLACE											
	HCM 170						PLACE											
	RBLR 4902-em						PLACE											
	HCM 1583						PLACE											
	HCM 1898						PLACE											
	HCM 1623						PLACE											
	HCM 532						PLACE											
	HCM 2887						PLACE											
	HCM 746						PLACE											
	HCM 2873	RBLR 1103, HCM 2873					PLACE											
	RBLR 1103	RBLR 1103, HCM 2873					PLACE											
	HCM 151						PLACE											
	HCM 746						PLACE											
	RBLR 3604						PLACE											
	HCM 1335						PLACE											
	HCM 2169						PLACE											
	RBLR 4505						PLACE											
	HCM 1902						PLACE											
	HCM 1803						PLACE											
	HCM 1877						PLACE											
	HCM 1067						PLACE											
	HCM 1734						PLACE											
	RBLR 0801	RBLR 0801, HCM 1732					PLACE											
	HCM 1395						PLACE											
	HCM 2305						PLACE											
	HCM 1908						PLACE											
	HCM 1685						PLACE											
	HCM 1670						PLACE											
	HCM 2286						PLACE											
	HCM 1313						PLACE											
	HCM 2469-em						PLACE											
	HCM 2925						PLACE											
	HCM 2312						PLACE											
	HCM 1529						PLACE											
	HCM 349						PLACE											
	HCM 2100-em						PLACE											
	HCM 238						PLACE											
	HCM 666						PLACE											
	HCM 631						PLACE											
	HCM 1474						PLACE											
	HCM 686						PLACE											
	HCM 1621						PLACE											
	HCM 1621						PLACE											
	HCM 2886						PLACE											
	HCM 3180						PLACE											
	HCM 340						PLACE											
	HCM 398						PLACE											
	HCM 399						PLACE											
	HCM 63						PLACE											
	HCM 1881						PLACE											
	RBLR 1603	RBLR 1603, HCM 33					PLACE											
	HCM 290						PLACE											
	HCM 408						PLACE											
	HCM 2096-em						PLACE											
	HCM 2137						PLACE											
	HCM 2137						PLACE											
	HCM 2137						PLACE											
	HCM 2137						PLACE											
	RBLR 3604						PLACE											
	HCM 2137						PLACE											
	HCM 275						PLACE											
	HCM 651						PLACE											
	HCM 409						PLACE											
	HCM 287						PLACE											
	RBLR 1601	RBLR 1601, HCM 26					PLACE											
	HCM 339						PLACE											
	HCM 92						PLACE											
	HCM 378						PLACE											
	HCM 90						PLACE											
	HCM 1621						PLACE											
	RBLR 3601						PLACE											
	HCM 150						PLACE											
	HCM 2066						PLACE											
	HCM 39	RBLR 1804, HCM 39					PLACE											
	RBLR 1804	RBLR 1804, HCM 39					PLACE											
	HCM 946						PLACE											
	HCM 98						PLACE											
	HCM 99						PLACE											
	HCM 1300						PLACE											
	HCM 219						PLACE											
	HCM 201						PLACE											
	HCM 306						PLACE											
	HCM 181						PLACE											
	HCM 200						PLACE											
	HCM 183						PLACE											
	HCM 153						PLACE											
	HCM 242						PLACE											
	HCM 140						PLACE											
	HCM 209						PLACE											
	HCM 196						PLACE											
	HCM 361						PLACE											
	HCM 1752						PLACE											
	HCM 1611						PLACE											
	HCM 207						PLACE											
	RBLR 1001	RBLR 1001, HCM 61					PLACE											
	HCM 676						PLACE											
	HCM 203	RBLR 1106, HCM 203					PLACE											
	HCM 45						PLACE											
	RBLR 1106	RBLR 1106, HCM 203					PLACE											
	HCM 552						PLACE											
	HCM 1904						PLACE											
	HCM 1523						PLACE											
	HCM 2074						PLACE											
	HCM 355						PLACE											
	HCM 635						PLACE											
	HCM 307						PLACE											
	HCM 1877						PLACE											
	HCM 2053						PLACE											
	HCM 10						PLACE											
	HCM 2218						PLACE											
	HCM 2056						PLACE											
	HCM 2074						PLACE											
	HCM 1522						PLACE											
	HCM 1803						PLACE											
	HCM 638						PLACE											
	HCM 1723						PLACE											
	HCM 1527						PLACE											
	HCM 2095						PLACE											
	HCM 384						PLACE											
	HCM 383						PLACE											
	HCM 397						PLACE											
	HCM 533						PLACE											
	HCM 1247						PLACE											
	HCM 2055						PLACE											
	HCM 1750						PLACE											
	HCM 1073						PLACE											
	HCM 154						PLACE											
	HCM 246						PLACE											
	HCM 2183						PLACE											
	HCM 147						PLACE											
	RBLR 1736	RBLR 1736, HCM 41					PLACE											
	HCM 217						PLACE											
	HCM 25	RBLR 1910, HCM 25					PLACE											
	RBLR 1910	RBLR 1910, HCM 25					PLACE											
	RBLR 3108						PLACE											
	RBLR 3109						PLACE											
	HCM 1504						PLACE				Given at							
	HCM 508						PLACE											
	HCM 75						PLACE											
	HCM 2887						PLACE											
	HCM 746						PLACE											
	HCM 402						PLACE											
	HCM 413						PLACE											
	HCM 215						PLACE											
	HCM 48						PLACE											
	HCM 627						PLACE											
	HCM 624						PLACE											
	HCM 2248						PLACE											
	HCM 2020						PLACE											
	HCM 429						PLACE											
	HCM 77						PLACE											
	HCM 500						PLACE											
	HCM 111						PLACE											
	HCM 675						PLACE											
	HCM 1473						PLACE											
	HCM 104						PLACE											
	HCM 2057						PLACE											
	HCM 94						PLACE											
	HCM 341						PLACE											
	HCM 405						PLACE											
	HCM 93						PLACE											
	HCM 192						PLACE											
	HCM 386						PLACE											
	HCM 1974						PLACE											
	HCM 204						PLACE											
	HCM 507						PLACE											
	HCM 412						PLACE											
	HCM 1702						PLACE											
	HCM 1472						PLACE											
	HCM 139						PLACE											
	HCM 171						PLACE											
	HCM 218	RBLR 1107, HCM 218					PLACE											
	RBLR 1107	RBLR 1107, HCM 218					PLACE											
	HCM 178						PLACE											
	HCM 1862						PLACE											
	RBLR 0907	RBLR 0907, HCM 1733					PLACE											
	HCM 610						PLACE											
	HCM 610						PLACE											
	HCM 1621						PLACE											
	HCM 1621						PLACE											
	HCM 1621						PLACE											
	HCM 1621						PLACE											
	HCM 1621						PLACE											
	HCM 1746						PLACE											
	HCM 1621						PLACE											
	HCM 241						PLACE											
	HCM 119						PLACE											
	HCM 2137						PLACE				Given at							
	HCM 1320						PLACE											
	HCM 1320-em						PLACE		43.95159	4.80769	Given at							
	HCM 1443						PLACE		43.95159	4.80769	Given at							
	HCM 1445						PLACE		43.95159	4.80769	Given at							
	HCM 1711						PLACE		43.95159	4.80769	Given at							
	HCM 1822						PLACE		43.95159	4.80769	Given at							
	HCM 1858						PLACE		43.95159	4.80769	Given at							
	HCM 2270						PLACE		43.95159	4.80769	Given at							
	HCM 2838						PLACE		43.95159	4.80769	Given at							
	HCM 2995						PLACE		43.95159	4.80769	Given at							
	HCM 3003-em						PLACE		43.95159	4.80769	Given at							
	HCM 3004						PLACE		43.95159	4.80769	Given at							
	HCM 3007						PLACE				Given at							
	HCM 3013						PLACE		43.95159	4.80769	Given at							
	HCM 3014						PLACE		43.95159	4.80769	Given at							
	HCM 565						PLACE		43.95159	4.80769	Given at							
	RBLR 1816						PLACE				Given at (suggested)							
	RBLR 4301	RBLR 4301, HCM R97					PLACE		43.95159	4.80769	Given at							
	RBLR 4302						PLACE		43.95159	4.80769	Given at							
	RBLR 4501						PLACE		43.95159	4.80769	Given at							
	RBLR 4901						PLACE		43.95159	4.80769	Given at							
	RBLR 5001						PLACE		43.95159	4.80769	Given at							
	RBLR 5002						PLACE		43.95159	4.80769	Given at							
	RBLR 5003						PLACE		43.95159	4.80769	Given at							
	RBLR 5105						PLACE		43.95159	4.80769	Given at							
	HCM 1816						PLACE				Given at							
	HCM 2998						PLACE		43.95159	4.80769	Given at							
	HCM 2994						PLACE				Given at							
	HCM 1872						PLACE											
	HCM 1074						PLACE											
	HCM 735						PLACE											
	HCM 1311						PLACE											
	HCM 224						PLACE											
	HCM 425						PLACE											
	HCM 760						PLACE											
	HCM 1194						PLACE				Given at							
	HCM 1193						PLACE				Given at							
	HCM 3155						PLACE				Given at							
	HCM 2887						PLACE				Given at							
	RBLR 1742						PLACE											
	HCM 1075						PLACE											
	RBLR 2902						PLACE				Given at							
	RBLR 2903	RBLR 2903, HCM R77					PLACE				Given at							
	HCM 1924						PLACE				Given at							
	HCM 536						PLACE				Given at (suggested)							
	HCM 538						PLACE				Given at							
	HCM 1441						PLACE		44.834764	-0.573687	Given at							
	HCM 1005	RBLR 1713, HCM 1005					PLACE		51.0097	4.36303	Given at							
	HCM 1049						PLACE				Given at							
	HCM 1054						PLACE				Given at							
	HCM 1055						PLACE				Given at							
	HCM 1061						PLACE				Given at							
	HCM 1063						PLACE				Given at							
	HCM 1065						PLACE				Given at							
	HCM 1507.C.						PLACE				Given at							
	HCM 1931						PLACE				Given at							
	HCM 1975						PLACE				Given at							
	HCM 2151						PLACE				Given at							
	HCM 2257						PLACE				Given at							
	HCM 2878						PLACE				Given at							
	HCM 491						PLACE				Given at							
	RBLR 1501						PLACE				Given at							
	RBLR 1605						PLACE				Given at							
	RBLR 1712	RBLR 1712, HCM 1037					PLACE				Given at							
	RBLR 1713	RBLR 1713, HCM 1005					PLACE		51.0097	4.36303	Given at							
	RBLR 1801						PLACE				Given at							
	RBLR 1802						PLACE				Given at							
	RBLR 1803						PLACE				Given at							
	RBLR 2106						PLACE				Given at							
	RBLR 2107						PLACE				Given at							
	HCM 1420						PLACE		50.7	-4.38333	Given at							
	HCM 1375	RBLR 2901, HCM 1375					PLACE				Given at							
	RBLR 2901	RBLR 2901, HCM 1375					PLACE				Given at							
	RBLR 4004						PLACE		52.03008	-2.11671	Given at							
	HCM 3						PLACE				Given at							
	HCM 37						PLACE				Given at							
	RBLR 1303	RBLR 1303, HCM 17					PLACE				Given at							
	RBLR 1601	RBLR 1601, HCM 26					PLACE				Given at							
	RBLR 1603	RBLR 1603, HCM 33					PLACE				Given at							
	HCM 533						PLACE				Given at							
	HCM 2145						PLACE				Given at							
	HCM 564						PLACE				Given at							
	HCM 2455						PLACE				Given at							
	HCM 20						PLACE											
	HCM 556						PLACE				Given at							
	HCM 1645						PLACE				Given at							
	HCM 217						PLACE				Given at							
	RBLR 4406						PLACE											
	RBLR 4101						PLACE		52.05684	-2.71482	Given at (suggested)							
	HCM 2851						PLACE											
	RBLR 1908						PLACE											
	HCM 2077-em						PLACE				Given at							
	HCM 2502						PLACE				Given at							
	HCM 433						PLACE				Given at							
	HCM 1033	RBLR 1814, HCM 1033					PLACE		51.27904	1.07992	Given at							
	RBLR 1739	RBLR 1739, HCM 1036					PLACE		51.27904	1.07992	Given at							
	RBLR 1740	RBLR 1740, HCM 1018					PLACE		51.27904	1.07992	Given at							
	RBLR 1805	RBLR 1805, HCM 1032					PLACE		51.27904	1.07992	Given at							
	RBLR 1806	RBLR 1806, HCM 1038					PLACE		51.27904	1.07992	Given at							
	RBLR 1807	RBLR 1807, HCM 1017					PLACE		51.27904	1.07992	Given at							
	RBLR 1808	RBLR 1808, HCM 1029					PLACE		51.27904	1.07992	Given at							
	RBLR 1809	RBLR 1809, HCM 1039					PLACE		51.27904	1.07992	Given at							
	RBLR 1810	RBLR 1810, HCM 1047					PLACE		51.27904	1.07992	Given at							
	RBLR 1811	RBLR 1811, HCM 1022					PLACE		51.27904	1.07992	Given at							
	RBLR 1812	RBLR 1812, HCM 1014					PLACE		51.27904	1.07992	Given at							
	RBLR 1814	RBLR 1814, HCM 1033					PLACE		51.27904	1.07992	Given at							
	HCM 2157						PLACE		54.8951	-2.9382	Given at							
	HCM 2158						PLACE				Given at (suggested)							
	HCM 2726						PLACE				Given at							
	HCM 2727						PLACE				Given at							
	RBLR 1802						PLACE											
	HCM 1431						PLACE				Given at							
	HCM 1975						PLACE											
	HCM 491						PLACE											
	HCM 2261.a						PLACE											
	HCM 2261.b						PLACE											
	HCM 1521						PLACE											
	HCM 1173						PLACE											
	HCM 1173						PLACE											
	HCM 2932.C.						PLACE											
	HCM 1767						PLACE											
	HCM 1767-em2						PLACE											
	HCM 3192						PLACE											
	HCM 1934						PLACE				Given at							
	HCM 1934						PLACE											
	HCM 1414 A						PLACE				Given at							
	RBLR 3801						PLACE				Given at							
	HCM 82						PLACE											
	RBLR 3204						PLACE				Given at							
	RBLR 3204-em2						PLACE				Given at							
	RBLR 3204-em3						PLACE				Given at							
	HCM 1858						PLACE											
	HCM 2170						PLACE				Given at							
	HCM 1524						PLACE				Given at							
	HCM 1581						PLACE				Given at							
	HCM 1600						PLACE				Given at							
	HCM 1611						PLACE				Given at							
	HCM 1622						PLACE				Given at							
	HCM 1653						PLACE				Given at							
	HCM 1667						PLACE				Given at							
	HCM 1679						PLACE				Given at							
	HCM 1682						PLACE				Given at							
	HCM 1683						PLACE				Given at							
	HCM 1685						PLACE				Given at							
	HCM 1690						PLACE				Given at							
	HCM 1746						PLACE				Given at							
	HCM 1826						PLACE				Given at							
	HCM 1876						PLACE				Given at							
	HCM 1881						PLACE				Given at							
	HCM 1885						PLACE		51.860322	-2.248262	Given at							
	HCM 1887						PLACE				Given at							
	HCM 1898						PLACE				Given at							
	HCM 2219						PLACE				Given at							
	HCM 1062						PLACE		52.05684	-2.71482	Given at							
	HCM 1068	RBLR 3702, HCM 1068					PLACE				Given at							
	HCM 1333						PLACE				Given at							
	HCM 1337						PLACE				Given at							
	HCM 1418						PLACE				Given at							
	HCM 1434						PLACE				Given at							
	HCM 181						PLACE				Given at							
	HCM 1817						PLACE				Given at							
	HCM 186						PLACE				Given at							
	HCM 1879						PLACE				Given at							
	HCM 1892-em						PLACE				Given at							
	HCM 1899						PLACE				Given at							
	HCM 1908						PLACE				Given at							
	HCM 2051						PLACE				Given at							
	HCM 2066						PLACE				Given at							
	HCM 2068						PLACE				Given at							
	HCM 2072						PLACE				Given at							
	HCM 2089						PLACE				Given at							
	HCM 2096						PLACE				Given at							
	HCM 2269						PLACE		51.49879294	-0.12768431	Given at							
	HCM 2454						PLACE		51.49879294	-0.12768431	Given at							
	HCM 2456						PLACE				Given at							
	HCM 2463						PLACE				Given at							
	HCM 2464						PLACE				Given at							
	HCM 2465						PLACE				Given at							
	HCM 2466						PLACE				Given at							
	HCM 2469						PLACE				Given at							
	HCM 2505						PLACE				Given at							
	HCM 2676						PLACE				Given at							
	HCM 2690						PLACE				Given at							
	HCM 275						PLACE		52.05684	-2.71482	Given at							
	HCM 2797-em1						PLACE				Given at							
	HCM 2875						PLACE				Given at							
	HCM 2925						PLACE				Given at							
	HCM 2973						PLACE				Given at							
	HCM 2991						PLACE				Given at							
	HCM 3001						PLACE				Given at							
	HCM 3009						PLACE				Given at							
	HCM 3165						PLACE				Given at							
	HCM 3180						PLACE				Given at							
	HCM 3191	RBLR 4704, HCM 3191					PLACE				Given at							
	HCM 3198						PLACE				Given at							
	HCM 360						PLACE				Given at							
	HCM 379						PLACE				Given at							
	HCM 432						PLACE				Given at							
	HCM 555						PLACE				Given at							
	HCM 715						PLACE				Given at							
	HCM 735						PLACE		52.05684	-2.71482	Given at							
	RBLR 3002						PLACE				Given at							
	RBLR 3003	RBLR 3003, HCM 2089a					PLACE				Given at (suggested)							
	RBLR 3004	RBLR 3004, HCM R79					PLACE				Given at							
	RBLR 3702	RBLR 3702, HCM 1068					PLACE				Given at							
	RBLR 4604	RBLR 4604, HCM R98a					PLACE				Given at							
	RBLR 4704	RBLR 4704, HCM 3191					PLACE				Given at							
	RBLR 4705	RBLR 4705, HCM R98b					PLACE				Given at							
	RBLR 4902	RBLR 4902, HCM R99a					PLACE				Given at							
	HCM 1442						PLACE				Given at (suggested)							
	RBLR 1701	RBLR 1701, HCM 1034					PLACE		51.513741698095345	-0.098465147372751	Given at							
	HCM 747						PLACE				Given at							
	HCM 1754						PLACE				Given at							
	HCM 2087	RBLR 3202, HCM 2087					PLACE				Given at							
	RBLR 3202	RBLR 3202, HCM 2087					PLACE				Given at							
	RBLR 1704	RBLR 1704, HCM 1015					PLACE				Given at							
	HCM 2075						PLACE				Given at							
	HCM 1077-em						PLACE				Given at (suggested(							
	HCM 1417						PLACE				Given at							
	HCM 2100						PLACE				Given at							
	HCM 2159						PLACE				Given at							
	HCM 2170-em						PLACE				Given at							
	HCM 2710-em						PLACE				Given at							
	RBLR 2804						PLACE				Given at							
	HCM 236						PLACE				Given at							
	HCM 250						PLACE				Given at							
	RBLR 1608	RBLR 1608, HCM 4					PLACE				Given at (suggested)							
	HCM 2226						PLACE				Given at							
	HCM 2146						PLACE											
	HCM 1879						PLACE											
	HCM 2145						PLACE											
	HCM 2147						PLACE											
	HCM 2151						PLACE											
	HCM 2817						PLACE				Given at							
	HCM 2133						PLACE											
	HCM 2530						PLACE				Given at							
	HCM 2170-em						PLACE											
	HCM 2888						PLACE											
	HCM 2079						PLACE				Given at							
	HCM 2163						PLACE											
	HCM 2164						PLACE											
	HCM 1892						PLACE											
	HCM 1892-em						PLACE											
	HCM 2269						PLACE											
	HCM 1320						PLACE											
	HCM 1375	RBLR 2901, HCM 1375					PLACE											
	HCM 2270						PLACE											
	HCM 2271						PLACE											
	HCM 2817						PLACE											
	RBLR 2901	RBLR 2901, HCM 1375					PLACE											
	HCM 2222						PLACE				Given at							
	HCM 2140						PLACE				Given at (suggested)							
	HCM 1506						PLACE				Given at (suggested)							
	HCM 1780						PLACE				Given at							
	HCM 2132						PLACE											
	HCM 2170						PLACE											
	RBLR 2802	RBLR 2802, HCM R76					PLACE		51.78826	6.13865	Given at							
	HCM 1053						PLACE				Given at							
	HCM 1200						PLACE				Given at							
	HCM 1221						PLACE				Given at							
	HCM 348						PLACE		52.113502	-3.098121	Given at							
	HCM 349						PLACE				Given at							
	HCM 1720						PLACE				Given at							
	HCM 2050						PLACE				Given at							
	HCM 2506						PLACE											
	HCM 1622						PLACE											
	HCM 2254						PLACE				Given at							
	HCM 2122						PLACE				Given at							
	HCM 1504-em						PLACE				Given at (suggested(							
	HCM 2298						PLACE		45.5	13.5	Given at							
	HCM 2305						PLACE				Given at							
	RBLR 3802						PLACE		52.55668	-1.24643	Given at							
	RBLR 3404						PLACE				Given at							
	RBLR 3301						PLACE				Given at							
	HCM 1329						PLACE											
	HCM 716						PLACE											
	HCM 408						PLACE											
	HCM 2134						PLACE											
	HCM 178						PLACE		52.05684	-2.71482	Given at							
	HCM 678						PLACE				Given at (suggested)							
	HCM 680						PLACE				Given at							
	RBLR 3605						PLACE		53.52285	-1.13116	Given at							
	HCM 1371						PLACE		51.13333	1.3	Given at							
	RBLR 2502						PLACE		51.13333	1.3	Given at							
	HCM 1306						PLACE				Given at							
	HCM 1836						PLACE				Given at							
	HCM 2289						PLACE				Given at							
	HCM 2198						PLACE											
	HCM 529						PLACE											
	HCM 2305						PLACE											
	HCM 2054						PLACE											
	HCM 582						PLACE											
	HCM 2291						PLACE											
	HCM 1713						PLACE											
	HCM 1194						PLACE											
	RBLR 4807						PLACE											
	HCM 1699						PLACE				Given at							
	HCM 3000						PLACE				Given at							
	HCM 1367						PLACE		52.09237	-1.94887	Given at							
	RBLR 3901						PLACE		51.215884	-0.784391	Given at							
	RBLR 4003	RBLR 4003, HCM R93					PLACE		51.21444	-0.80054	Given at							
	RBLR 4401	RBLR 4401, HCM R97a					PLACE		51.215884	-0.784391	Given at							
	RBLR 4402						PLACE		51.215884	-0.784391	Given at							
	RBLR 4403						PLACE				Given at							
	RBLR 4406						PLACE		51.215884	-0.784391	Given at							
	RBLR 4407						PLACE		51.215884	-0.784391	Given at							
	RBLR 4502	RBLR 4502, HCM R97b					PLACE		51.215884	-0.784391	Given at							
	HCM 1769						PLACE				Given at							
	HCM 28	RBLR 0802, HCM 28					PLACE											
	RBLR 0802	RBLR 0802, HCM 28					PLACE											
	RBLR 4801						PLACE				Given at							
	HCM 1266						PLACE		51.512660955	-0.10292211								
	HCM 9						PLACE											
	HCM 2879						PLACE											
	HCM 81						PLACE											
	HCM 395						PLACE											
	HCM 1601						PLACE											
	RBLR 4605						PLACE											
	RBLR 4606						PLACE											
	HCM 2159						PLACE											
	HCM 2305						PLACE											
	HCM 56						PLACE											
	HCM 44						PLACE											
	HCM 428						PLACE											
	HCM 607						PLACE											
	HCM 690						PLACE											
	HCM 602						PLACE											
	HCM 2711						PLACE											
	HCM 2657						PLACE											
	HCM 2869						PLACE											
	HCM 2653						PLACE											
	HCM 2701						PLACE											
	HCM 279						PLACE											
	HCM 19						PLACE											
	HCM 3						PLACE											
	HCM 1798						PLACE											
	HCM 1800						PLACE											
	HCM 593						PLACE				Given at							
	RBLR 3904						PLACE				Given at (suggested)							
	HCM 1336						PLACE											
	HCM 238						PLACE				Given at							
	RBLR 4002						PLACE				Given at (suggested)							
	HCM 889						PLACE											
	HCM 560						PLACE				Given at							
	RBLR 0906						PLACE				Endorsement							
	HCM 1174						PLACE		51.86568	-2.2431	Given at							
	HCM 1521						PLACE		51.86568	-2.2431	Given at							
	HCM 1583						PLACE		51.86568	-2.2431	Given at							
	HCM 1610						PLACE		51.86568	-2.2431	Given at							
	HCM 1613						PLACE		51.86568	-2.2431	Given at							
	HCM 1623						PLACE		51.86568	-2.2431	Given at							
	HCM 1670						PLACE		51.86568	-2.2431	Given at							
	HCM 1686						PLACE		51.86568	-2.2431	Given at							
	HCM 1687						PLACE		51.86568	-2.2431	Given at							
	HCM 1702						PLACE		51.86568	-2.2431	Given at							
	HCM 1708						PLACE		51.86568	-2.2431	Given at							
	HCM 1721						PLACE		51.86568	-2.2431	Given at							
	HCM 1863						PLACE		51.86568	-2.2431	Given at							
	HCM 1900						PLACE		51.86568	-2.2431	Given at							
	HCM 2217						PLACE		51.86568	-2.2431	Given at							
	HCM 2312						PLACE		51.86568	-2.2431	Given at							
	HCM 2537						PLACE		51.86568	-2.2431	Given at							
	HCM 2612						PLACE		51.86568	-2.2431	Given at							
	HCM 2852						PLACE		51.86568	-2.2431	Given at							
	HCM 422						PLACE		51.86568	-2.2431	Given at							
	HCM 672						PLACE		51.86568	-2.2431	Given at							
	RBLR 1104						PLACE		51.86568	-2.2431	Given at							
	RBLR 1105						PLACE		51.86568	-2.2431	Given at							
	RBLR 3109						PLACE		51.86568	-2.2431	Given at (suggested)							
	HCM 3215.B						PLACE				Given at							
	HCM 3215 A						PLACE				Given at							
	HCM 2705						PLACE				Given at							
	HCM 2877						PLACE				Given at							
	HCM 2136						PLACE											
	HCM 2142						PLACE											
	HCM 2143						PLACE											
	HCM 2141						PLACE											
	RBLR 3706	RBLR 3706, HCM R88					PLACE		-31.9	115.96667	Given at							
	HCM 1933						PLACE											
	HCM 1918						PLACE											
	HCM 1719						PLACE											
	HCM 1910						PLACE											
	HCM 226						PLACE											
	HCM 36						PLACE											
	HCM 691						PLACE											
	HCM 7						PLACE											
	HCM 296						PLACE											
	HCM 308						PLACE											
	HCM 308-em						PLACE											
	HCM 1306						PLACE											
	HCM 537						PLACE											
	HCM 428						PLACE											
	RBLR 3405						PLACE				Given at							
	RBLR 3502	RBLR 3502, HCM R85					PLACE				Given at							
	RBLR 3005						PLACE				Given at							
	RBLR 3103	RBLR 3103, HCM R81					PLACE				Given at							
	RBLR 3104						PLACE				Given at							
	RBLR 3105						PLACE				Given at							
	RBLR 3106						PLACE				Given at							
	RBLR 3107						PLACE				Given at							
	RBLR 3201						PLACE				Given at							
	RBLR 3401						PLACE				Given at							
	RBLR 3402						PLACE				Given at							
	RBLR 3903	RBLR 3903, HCM R91					PLACE				Given at							
	RBLR 4803						PLACE				Given at							
	HCM 286						PLACE				Given at							
	HCM 2583						PLACE				Given at							
	HCM 2584						PLACE				Given at							
	HCM 2588						PLACE				Given at (suggested)							
	HCM 2589						PLACE				Given at (suggested)							
	HCM 2590						PLACE				Given at (suggested)							
	HCM 589						PLACE				Given at							
	HCM 1003	RBLR 1732, HCM 1003					PLACE		52.05684	-2.71482	Given at							
	HCM 1023	RBLR 1735, HCM 1023					PLACE		52.05684	-2.71482	Given at							
	HCM 1024	RBLR 1702, HCM 1024					PLACE		52.05684	-2.71482	Given at							
	HCM 1025	RBLR 1706, HCM 1025					PLACE		52.05684	-2.71482	Given at							
	HCM 104						PLACE		52.05684	-2.71482	Given at							
	HCM 1056						PLACE		52.05684	-2.71482	Given at							
	HCM 119						PLACE		52.05684	-2.71482	Given at							
	HCM 123						PLACE		52.05684	-2.71482	Given at							
	HCM 1264						PLACE		52.05684	-2.71482	Given at							
	HCM 1265						PLACE		52.05684	-2.71482	Given at							
	HCM 1281						PLACE		52.05684	-2.71482	Given at							
	HCM 1287						PLACE		52.05684	-2.71482	Given at							
	HCM 1300						PLACE		52.05684	-2.71482	Given at							
	HCM 1370						PLACE		52.05684	-2.71482	Given at							
	HCM 1374						PLACE		52.05684	-2.71482	Given at							
	HCM 1376						PLACE		52.05684	-2.71482	Given at							
	HCM 1377	RBLR 4303, HCM 1377					PLACE		52.05684	-2.71482	Given at							
	HCM 139						PLACE		52.05684	-2.71482	Given at							
	HCM 140						PLACE		52.05684	-2.71482	Given at							
	HCM 1419						PLACE		52.05684	-2.71482	Given at							
	HCM 142						PLACE		52.05684	-2.71482	Given at							
	HCM 1421						PLACE		52.05684	-2.71482	Given at							
	HCM 1425						PLACE		52.05684	-2.71482	Given at							
	HCM 1426						PLACE		52.05684	-2.71482	Given at							
	HCM 1427						PLACE		52.05684	-2.71482	Given at							
	HCM 1433						PLACE		52.05684	-2.71482	Given at							
	HCM 1436						PLACE		52.05684	-2.71482	Given at							
	HCM 1438						PLACE		52.05684	-2.71482	Given at							
	HCM 1448a	RBLR 6101, HCM 1448a					PLACE		52.05684	-2.71482	Given at							
	HCM 1471						PLACE		52.05684	-2.71482	Given at							
	HCM 1472						PLACE		52.05684	-2.71482	Given at							
	HCM 1473						PLACE		52.05684	-2.71482	Given at							
	HCM 1474						PLACE		52.05684	-2.71482	Given at							
	HCM 1485						PLACE		52.05684	-2.71482	Given at (suggested)							
	HCM 1487						PLACE		52.05684	-2.71482	Given at							
	HCM 1489						PLACE		52.05684	-2.71482	Given at							
	HCM 150						PLACE		52.05684	-2.71482	Given at (suggested)							
	HCM 153						PLACE		52.05684	-2.71482	Given at							
	HCM 154						PLACE		52.05684	-2.71482	Given at							
	HCM 170						PLACE		52.05684	-2.71482	Given at							
	HCM 171						PLACE		52.05684	-2.71482	Given at							
	HCM 1730						PLACE		52.05684	-2.71482	Given at							
	HCM 174						PLACE		52.05684	-2.71482	Given at (suggested)							
	HCM 1752						PLACE		52.05684	-2.71482	Given at							
	HCM 1767-em1						PLACE		52.05684	-2.71482	Given at (suggested)							
	HCM 1819						PLACE		52.05684	-2.71482	Given at							
	HCM 182						PLACE		52.05684	-2.71482	Given at							
	HCM 1834						PLACE		52.05684	-2.71482	Given at (suggested)							
	HCM 1848						PLACE		52.05684	-2.71482	Given at (suggested)							
	HCM 1870						PLACE		52.05684	-2.71482	Given at							
	HCM 1873						PLACE		52.05684	-2.71482	Given at							
	HCM 192						PLACE		52.05684	-2.71482	Given at							
	HCM 1932						PLACE		52.05684	-2.71482	Given at							
	HCM 1938						PLACE		52.05684	-2.71482	Given at							
	HCM 195						PLACE		52.05684	-2.71482	Given at							
	HCM 196						PLACE		52.05684	-2.71482	Given at							
	HCM 1974						PLACE		52.05684	-2.71482	Given at (suggested)							
	HCM 200						PLACE		52.05684	-2.71482	Given at							
	HCM 201						PLACE		52.05684	-2.71482	Given at (suggested)							
	HCM 203	RBLR 1106, HCM 203					PLACE		52.05684	-2.71482	Given at							
	HCM 2059						PLACE		52.05684	-2.71482	Given at							
	HCM 207						PLACE		52.05684	-2.71482	Given at							
	HCM 2074						PLACE		52.05684	-2.71482	Given at							
	HCM 2089-em2						PLACE		52.05684	-2.71482	Given at							
	HCM 209						PLACE		52.05684	-2.71482	Given at							
	HCM 2093						PLACE		52.05684	-2.71482	Given at							
	HCM 2095						PLACE		52.05684	-2.71482	Given at							
	HCM 2096-em						PLACE		52.05684	-2.71482	Given at							
	HCM 2097						PLACE		52.05684	-2.71482	Given at							
	HCM 2100-em						PLACE		52.05684	-2.71482	Given at							
	HCM 2111						PLACE		52.05684	-2.71482	Given at							
	HCM 2128						PLACE		52.05684	-2.71482	Given at							
	HCM 2146						PLACE		52.05684	-2.71482	Given at							
	HCM 2147						PLACE		52.05684	-2.71482	Given at							
	HCM 2166						PLACE		52.05684	-2.71482	Given at							
	HCM 218	RBLR 1107, HCM 218					PLACE		52.05684	-2.71482	Given at							
	HCM 219						PLACE		52.05684	-2.71482	Given at (suggested)							
	HCM 222						PLACE		52.05684	-2.71482	Given at							
	HCM 224						PLACE		52.05684	-2.71482	Given at							
	HCM 2271						PLACE		52.05684	-2.71482	Given at							
	HCM 2317						PLACE		52.05684	-2.71482	Given at							
	HCM 2372						PLACE		52.05684	-2.71482	Given at							
	HCM 2386						PLACE		52.05684	-2.71482	Given at							
	HCM 241						PLACE		52.05684	-2.71482	Given at							
	HCM 242						PLACE		52.05684	-2.71482	Given at							
	HCM 2468						PLACE		52.05684	-2.71482	Given at							
	HCM 2470						PLACE		52.05684	-2.71482	Given at							
	HCM 25	RBLR 1910, HCM 25					PLACE		52.05684	-2.71482	Given at							
	HCM 2506						PLACE		52.05684	-2.71482	Given at							
	HCM 2508						PLACE		52.05684	-2.71482	Given at							
	HCM 2509						PLACE		52.05684	-2.71482	Given at							
	HCM 2510						PLACE		52.05684	-2.71482	Given at							
	HCM 2538						PLACE		52.05684	-2.71482	Given at							
	HCM 2541						PLACE		52.05684	-2.71482	Given at							
	HCM 2542						PLACE		52.05684	-2.71482	Given at							
	HCM 2543						PLACE		52.05684	-2.71482	Given at							
	HCM 2544						PLACE		52.05684	-2.71482	Given at							
	HCM 2546						PLACE		52.05684	-2.71482	Given at							
	HCM 2547						PLACE		52.05684	-2.71482	Given at							
	HCM 2554						PLACE		52.05684	-2.71482	Given at							
	HCM 2558						PLACE		52.05684	-2.71482	Given at							
	HCM 2559						PLACE		52.05684	-2.71482	Given at							
	HCM 2560						PLACE		52.05684	-2.71482	Given at							
	HCM 2562						PLACE		52.05684	-2.71482	Given at							
	HCM 2567						PLACE		52.05684	-2.71482	Given at							
	HCM 2568						PLACE		52.05684	-2.71482	Given at							
	HCM 2572						PLACE		52.05684	-2.71482	Given at							
	HCM 2573						PLACE		52.05684	-2.71482	Given at							
	HCM 2574						PLACE		52.05684	-2.71482	Given at							
	HCM 2575						PLACE		52.05684	-2.71482	Given at							
	HCM 2577						PLACE		52.05684	-2.71482	Given at							
	HCM 2580						PLACE		52.05684	-2.71482	Given at							
	HCM 2585						PLACE		52.05684	-2.71482	Given at							
	HCM 2586						PLACE		52.05684	-2.71482	Given at							
	HCM 2587						PLACE		52.05684	-2.71482	Given at							
	HCM 2592						PLACE		52.05684	-2.71482	Given at							
	HCM 2594						PLACE		52.05684	-2.71482	Given at							
	HCM 2596						PLACE		52.05684	-2.71482	Given at							
	HCM 2601						PLACE		52.05684	-2.71482	Given at							
	HCM 2604						PLACE		52.05684	-2.71482	Given at							
	HCM 2607						PLACE		52.05684	-2.71482	Given at							
	HCM 2608						PLACE		52.05684	-2.71482	Given at							
	HCM 2609						PLACE		52.05684	-2.71482	Given at							
	HCM 2610						PLACE		52.05684	-2.71482	Given at							
	HCM 2611						PLACE		52.05684	-2.71482	Given at							
	HCM 2618						PLACE		52.05684	-2.71482	Given at							
	HCM 2622						PLACE		52.05684	-2.71482	Given at							
	HCM 2623						PLACE		52.05684	-2.71482	Given at							
	HCM 2624						PLACE		52.05684	-2.71482	Given at							
	HCM 2645						PLACE		52.05684	-2.71482	Given at							
	HCM 2646						PLACE		52.05684	-2.71482	Given at							
	HCM 2650						PLACE		52.05684	-2.71482	Given at							
	HCM 2651						PLACE		52.05684	-2.71482	Given at							
	HCM 2652						PLACE		52.05684	-2.71482	Given at							
	HCM 2653						PLACE		52.05684	-2.71482	Given at							
	HCM 2654						PLACE		52.05684	-2.71482	Given at							
	HCM 2655						PLACE		52.05684	-2.71482	Given at							
	HCM 2657						PLACE		52.05684	-2.71482	Given at							
	HCM 2659						PLACE		52.05684	-2.71482	Given at							
	HCM 2660						PLACE		52.05684	-2.71482	Given at							
	HCM 2662						PLACE		52.05684	-2.71482	Given at							
	HCM 2664						PLACE		52.05684	-2.71482	Given at							
	HCM 2666						PLACE		52.05684	-2.71482	Given at							
	HCM 2668						PLACE		52.05684	-2.71482	Given at							
	HCM 2669						PLACE		52.05684	-2.71482	Given at							
	HCM 2670						PLACE		52.05684	-2.71482	Given at							
	HCM 2671						PLACE		52.05684	-2.71482	Given at							
	HCM 2672						PLACE		52.05684	-2.71482	Given at							
	HCM 2675						PLACE		52.05684	-2.71482	Given at							
	HCM 2678						PLACE		52.05684	-2.71482	Given at							
	HCM 2680						PLACE		52.05684	-2.71482	Given at							
	HCM 2681						PLACE		52.05684	-2.71482	Given at							
	HCM 2682						PLACE		52.05684	-2.71482	Given at							
	HCM 2683						PLACE		52.05684	-2.71482	Given at							
	HCM 2684						PLACE		52.05684	-2.71482	Given at							
	HCM 2685						PLACE		52.05684	-2.71482	Given at							
	HCM 2687						PLACE		52.05684	-2.71482	Given at							
	HCM 2688						PLACE		52.05684	-2.71482	Given at							
	HCM 2690-em						PLACE		52.05684	-2.71482	Given at							
	HCM 2691						PLACE		52.05684	-2.71482	Given at							
	HCM 2699						PLACE		52.05684	-2.71482	Given at							
	HCM 2700						PLACE		52.05684	-2.71482	Given at							
	HCM 2701						PLACE		52.05684	-2.71482	Given at							
	HCM 2702						PLACE		52.05684	-2.71482	Given at							
	HCM 2703						PLACE		52.05684	-2.71482	Given at							
	HCM 2704						PLACE		52.05684	-2.71482	Given at							
	HCM 2706						PLACE		52.05684	-2.71482	Given at							
	HCM 2707						PLACE		52.05684	-2.71482	Given at							
	HCM 2709						PLACE		52.05684	-2.71482	Given at							
	HCM 2711						PLACE		52.05684	-2.71482	Given at							
	HCM 2712						PLACE		52.05684	-2.71482	Given at							
	HCM 2713						PLACE		52.05684	-2.71482	Given at							
	HCM 2715						PLACE		52.05684	-2.71482	Given at							
	HCM 2718						PLACE		52.05684	-2.71482	Given at							
	HCM 2719						PLACE		52.05684	-2.71482	Given at							
	HCM 2720						PLACE		52.05684	-2.71482	Given at							
	HCM 2725						PLACE		52.05684	-2.71482	Given at							
	HCM 2729						PLACE		52.05684	-2.71482	Given at							
	HCM 2730						PLACE		52.05684	-2.71482	Given at							
	HCM 2731						PLACE		52.05684	-2.71482	Given at							
	HCM 2732						PLACE		52.05684	-2.71482	Given at							
	HCM 2734						PLACE		52.05684	-2.71482	Given at							
	HCM 2741						PLACE		52.05684	-2.71482	Given at							
	HCM 2743						PLACE		52.05684	-2.71482	Given at							
	HCM 2744						PLACE		52.05684	-2.71482	Given at							
	HCM 2746						PLACE		52.05684	-2.71482	Given at							
	HCM 2747						PLACE		52.05684	-2.71482	Given at							
	HCM 2748						PLACE		52.05684	-2.71482	Given at							
	HCM 2749						PLACE		52.05684	-2.71482	Given at							
	HCM 2750						PLACE		52.05684	-2.71482	Given at (suggested)							
	HCM 2751						PLACE		52.05684	-2.71482	Given at							
	HCM 2753						PLACE		52.05684	-2.71482	Given at							
	HCM 2779						PLACE		52.05684	-2.71482	Given at							
	HCM 2797-em2						PLACE		52.05684	-2.71482	Given at							
	HCM 2798						PLACE		52.05684	-2.71482	Given at							
	HCM 28	RBLR 0802, HCM 28					PLACE		52.05684	-2.71482	Given at							
	HCM 2851						PLACE		52.05684	-2.71482	Given at							
	HCM 2869						PLACE		52.05684	-2.71482	Given at							
	HCM 2870						PLACE		52.05684	-2.71482	Given at							
	HCM 2872	RBLR 1101, HCM 2872					PLACE		52.05684	-2.71482	Given at							
	HCM 2873	RBLR 1103, HCM 2873					PLACE		52.05684	-2.71482	Given at (suggested)							
	HCM 2874						PLACE		52.05684	-2.71482	Given at							
	HCM 2879						PLACE		52.05684	-2.71482	Given at							
	HCM 2883						PLACE				Given at							
	HCM 2885						PLACE		52.05684	-2.71482	Given at							
	HCM 2887						PLACE											
	HCM 2887						PLACE		52.05684	-2.71482	Given at							
	HCM 29	RBLR 2004, HCM 29					PLACE		52.05684	-2.71482	Given at							
	HCM 290						PLACE		52.05684	-2.71482	Given at							
	HCM 2927						PLACE		52.05684	-2.71482	Given at							
	HCM 2932.F						PLACE		52.05684	-2.71482	Given at (suggested)							
	HCM 2972						PLACE		52.05684	-2.71482	Given at							
	HCM 2988						PLACE		52.05684	-2.71482	Given at							
	HCM 2990						PLACE		52.05684	-2.71482	Given at							
	HCM 2993						PLACE		52.05684	-2.71482	Given at							
	HCM 3011						PLACE		52.05684	-2.71482	Given at							
	HCM 3178						PLACE		52.05684	-2.71482	Given at							
	HCM 34	RBLR 1901, HCM 34					PLACE		52.05684	-2.71482	Given at							
	HCM 39	RBLR 1804, HCM 39					PLACE		52.05684	-2.71482	Given at (suggested)							
	HCM 395						PLACE		52.05684	-2.71482	Given at							
	HCM 397						PLACE		52.05684	-2.71482	Given at							
	HCM 405						PLACE		52.05684	-2.71482	Given at							
	HCM 406						PLACE		52.05684	-2.71482	Given at (suggested)							
	HCM 408						PLACE		52.05684	-2.71482	Given at							
	HCM 409						PLACE		52.05684	-2.71482	Given at							
	HCM 412						PLACE		52.05684	-2.71482	Given at							
	HCM 43						PLACE		52.05684	-2.71482	Given at							
	HCM 44						PLACE		52.05684	-2.71482	Given at							
	HCM 45						PLACE		52.05684	-2.71482	Given at							
	HCM 469						PLACE		52.05684	-2.71482	Given at							
	HCM 470						PLACE		52.05684	-2.71482	Given at							
	HCM 48						PLACE		52.05684	-2.71482	Given at							
	HCM 496						PLACE		52.05684	-2.71482	Given at							
	HCM 50						PLACE		52.05684	-2.71482	Given at							
	HCM 500						PLACE		52.05684	-2.71482	Given at							
	HCM 507						PLACE		52.05684	-2.71482	Given at							
	HCM 598						PLACE		52.05684	-2.71482	Given at							
	HCM 60						PLACE		52.05684	-2.71482	Given at							
	HCM 608						PLACE		52.05684	-2.71482	Given at							
	HCM 609						PLACE		52.05684	-2.71482	Given at							
	HCM 622						PLACE		52.05684	-2.71482	Given at							
	HCM 63						PLACE		52.05684	-2.71482	Given at							
	HCM 637						PLACE		52.05684	-2.71482	Given at							
	HCM 64						PLACE		52.05684	-2.71482	Given at							
	HCM 66						PLACE		52.05684	-2.71482	Given at							
	HCM 665						PLACE		52.05684	-2.71482	Given at							
	HCM 674						PLACE		52.05684	-2.71482	Given at							
	HCM 681						PLACE		52.05684	-2.71482	Given at							
	HCM 695						PLACE		52.05684	-2.71482	Given at							
	HCM 700						PLACE		52.05684	-2.71482	Given at							
	HCM 703						PLACE		52.05684	-2.71482	Given at							
	HCM 710						PLACE		52.05684	-2.71482	Given at							
	HCM 716						PLACE		52.05684	-2.71482	Given at							
	HCM 718						PLACE		52.05684	-2.71482	Given at							
	HCM 728						PLACE		52.05684	-2.71482	Given at							
	HCM 746						PLACE		52.05684	-2.71482	Given at (suggested)							
	HCM 755						PLACE		52.05684	-2.71482	Given at							
	HCM 758						PLACE		52.05684	-2.71482	Given at (suggested)							
	HCM 761						PLACE		52.05684	-2.71482	Given at							
	HCM 768						PLACE		52.05684	-2.71482	Given at							
	HCM 770						PLACE		52.05684	-2.71482	Given at (suggested)							
	HCM 773						PLACE		52.05684	-2.71482	Given at							
	HCM 82						PLACE		52.05684	-2.71482	Given at							
	HCM 889						PLACE		52.05684	-2.71482	Given at							
	HCM 90						PLACE		52.05684	-2.71482	Given at							
	HCM 945						PLACE		52.05684	-2.71482	Given at							
	HCM 946						PLACE		52.05684	-2.71482	Given at							
	HCM 946						PLACE		52.05684	-2.71482	Given at							
	HCM 946						PLACE		52.05684	-2.71482	Given at							
	HCM 98						PLACE		52.05684	-2.71482	Given at							
	HCM 99						PLACE		52.05684	-2.71482	Given at							
	RBLR 0201						PLACE		52.05684	-2.71482	Given at							
	RBLR 0501	RBLR 0501, HCM 23					PLACE		52.05684	-2.71482	Given at (suggested)							
	RBLR 0801	RBLR 0801, HCM 1732					PLACE		52.05684	-2.71482	Given at (suggested)							
	RBLR 0802	RBLR 0802, HCM 28					PLACE		52.05684	-2.71482	Given at							
	RBLR 0901						PLACE		52.05684	-2.71482	Given at							
	RBLR 0901						PLACE		52.05684	-2.71482	Given at							
	RBLR 0902						PLACE		52.05684	-2.71482	Given at							
	RBLR 0902						PLACE				Endorsement							
	RBLR 0903						PLACE		52.05684	-2.71482	Given at							
	RBLR 0903						PLACE				Endorsement							
	RBLR 0904						PLACE		52.05684	-2.71482	Given at							
	RBLR 0904						PLACE				Endorsement							
	RBLR 0905						PLACE		52.05684	-2.71482	Given at							
	RBLR 0905						PLACE				Endorsement							
	RBLR 0906						PLACE		52.05684	-2.71482	Given at							
	RBLR 0906						PLACE		52.05684	-2.71482	Given at							
	RBLR 0907	RBLR 0907, HCM 1733					PLACE		52.05684	-2.71482	Given at							
	RBLR 1001	RBLR 1001, HCM 61					PLACE		52.05684	-2.71482	Given at							
	RBLR 1101	RBLR 1101, HCM 2872					PLACE		52.05684	-2.71482	Given at							
	RBLR 1102						PLACE		52.05684	-2.71482	Given at							
	RBLR 1102						PLACE		52.05684	-2.71482	Given at							
	RBLR 1102						PLACE		52.05684	-2.71482	Given at							
	RBLR 1103	RBLR 1103, HCM 2873					PLACE		52.05684	-2.71482	Given at (suggested)							
	RBLR 1104						PLACE		52.05684	-2.71482	Given at							
	RBLR 1104						PLACE		52.05684	-2.71482	Given at							
	RBLR 1105						PLACE		52.05684	-2.71482	Given at							
	RBLR 1105						PLACE		52.05684	-2.71482	Given at							
	RBLR 1106	RBLR 1106, HCM 203					PLACE		52.05684	-2.71482	Given at							
	RBLR 1107	RBLR 1107, HCM 218					PLACE		52.05684	-2.71482	Given at							
	RBLR 1201	RBLR 1201, HCM 553					PLACE		52.05684	-2.71482	Given at							
	RBLR 1304	RBLR 1304, HCM 1722					PLACE		52.05684	-2.71482	Given at							
	RBLR 1401	RBLR 1401, HCM 12					PLACE		52.05684	-2.71482	Given at							
	RBLR 1402	RBLR 1402, HCM 13					PLACE		52.05684	-2.71482	Given at							
	RBLR 1403	RBLR 1403, HCM 14					PLACE		52.05684	-2.71482	Given at							
	RBLR 1404	RBLR 1404, HCM 117					PLACE		52.05684	-2.71482	Given at							
	RBLR 1604	RBLR 1604, HCM 35					PLACE		52.05684	-2.71482	Given at							
	RBLR 1606						PLACE		52.05684	-2.71482	Given at							
	RBLR 1606						PLACE		52.05684	-2.71482	Given at							
	RBLR 1606						PLACE		52.05684	-2.71482	Given at							
	RBLR 1702	RBLR 1702, HCM 1024					PLACE		52.05684	-2.71482	Given at							
	RBLR 1703	RBLR 1703, HCM 1001					PLACE		52.05684	-2.71482	Given at							
	RBLR 1705	RBLR 1705, HCM 1009					PLACE		52.05684	-2.71482	Given at							
	RBLR 1706	RBLR 1706, HCM 1025					PLACE		52.05684	-2.71482	Given at							
	RBLR 1707	RBLR 1707, HCM 1043					PLACE		52.05684	-2.71482	Given at							
	RBLR 1708	RBLR 1708, HCM 1045					PLACE		52.05684	-2.71482	Given at							
	RBLR 1710	RBLR 1710, HCM 1048					PLACE		52.05684	-2.71482	Given at							
	RBLR 1714	RBLR 1714, HCM 1011					PLACE		52.05684	-2.71482	Given at							
	RBLR 1715	RBLR 1715, HCM 1028					PLACE		52.05684	-2.71482	Given at							
	RBLR 1716	RBLR 1716, HCM 1031					PLACE		52.05684	-2.71482	Given at							
	RBLR 1717	RBLR 1717, HCM 1030					PLACE		52.05684	-2.71482	Given at							
	RBLR 1718	RBLR 1718, HCM 1019					PLACE		52.05684	-2.71482	Given at							
	RBLR 1719	RBLR 1719, HCM 1013					PLACE		52.05684	-2.71482	Given at							
	RBLR 1720	RBLR 1720, HCM 1021					PLACE		52.05684	-2.71482	Given at							
	RBLR 1721	RBLR 1721, HCM 1040					PLACE		52.05684	-2.71482	Given at							
	RBLR 1722	RBLR 1722, HCM 1041					PLACE		52.05684	-2.71482	Given at							
	RBLR 1723	RBLR 1723, HCM 1004					PLACE		52.05684	-2.71482	Given at							
	RBLR 1724	RBLR 1724, HCM 1012					PLACE		52.05684	-2.71482	Given at							
	RBLR 1725	RBLR 1725, HCM 1020					PLACE		52.05684	-2.71482	Given at							
	RBLR 1727	RBLR 1727, HCM 1006					PLACE		52.05684	-2.71482	Given at (suggested)							
	RBLR 1728	RBLR 1728, HCM 1016					PLACE		52.05684	-2.71482	Given at							
	RBLR 1729	RBLR 1729, HCM 2602					PLACE		52.05684	-2.71482	Given at							
	RBLR 1730	RBLR 1730, HCM 1008					PLACE		52.05684	-2.71482	Given at							
	RBLR 1731	RBLR 1731, HCM 1010					PLACE		52.05684	-2.71482	Given at							
	RBLR 1732	RBLR 1732, HCM 1003					PLACE		52.05684	-2.71482	Given at							
	RBLR 1733	RBLR 1733, HCM 1026					PLACE		52.05684	-2.71482	Given at							
	RBLR 1734	RBLR 1734, HCM 1044					PLACE		52.05684	-2.71482	Given at							
	RBLR 1735	RBLR 1735, HCM 1023					PLACE		52.05684	-2.71482	Given at							
	RBLR 1736	RBLR 1736, HCM 41					PLACE		52.05684	-2.71482	Given at							
	RBLR 1743	RBLR 1743, HCM 2677					PLACE		52.05684	-2.71482	Given at							
	RBLR 1804	RBLR 1804, HCM 39					PLACE		52.05684	-2.71482	Given at (suggested)							
	RBLR 1901	RBLR 1901, HCM 34					PLACE		52.05684	-2.71482	Given at							
	RBLR 1910	RBLR 1910, HCM 25					PLACE		52.05684	-2.71482	Given at							
	RBLR 2004	RBLR 2004, HCM 29					PLACE		52.05684	-2.71482	Given at							
	RBLR 2603						PLACE		52.05684	-2.71482	Given at							
	RBLR 3004-em						PLACE		52.05684	-2.71482	Given at							
	RBLR 3302						PLACE		52.05684	-2.71482	Given at							
	RBLR 3303	RBLR 3303, HCM R82					PLACE		52.05684	-2.71482	Given at							
	RBLR 3304						PLACE		52.05684	-2.71482	Given at							
	RBLR 3601						PLACE		52.05684	-2.71482	Given at							
	RBLR 3603						PLACE				Given at							
	RBLR 3604						PLACE		52.05684	-2.71482	Given at							
	RBLR 3701						PLACE		52.05684	-2.71482								
	RBLR 3703						PLACE		52.05684	-2.71482	Given at							
	RBLR 4303	RBLR 4303, HCM 1377					PLACE		52.05684	-2.71482	Given at							
	RBLR 4902-em						PLACE		52.05684	-2.71482	Given at							
	RBLR 6101	RBLR 6101, HCM 1448a					PLACE		52.05684	-2.71482	Given at							
	HCM 1116						PLACE				Given at							
	HCM 2603						PLACE				Given at							
	HCM 1496						PLACE		52.05684	-2.71482	Given at							
	HCM 2077						PLACE				Given at							
	HCM 2316						PLACE				Given at							
	HCM 2507						PLACE				Given at							
	HCM 2932.C.						PLACE				Given at							
	HCM 2939.A.						PLACE				Given at							
	HCM 3003						PLACE				Given at							
	HCM 661						PLACE				Given at							
	HCM 2745						PLACE				Given at							
	RBLR 0901						PLACE				Given at							
	HCM 1877						PLACE											
	HCM 1790						PLACE											
	RBLR 1815						PLACE				Given at							
	HCM 1368						PLACE				Given at							
	HCM 1369						PLACE				Given at							
	HCM 37						PLACE											
	HCM 359						PLACE											
	RBLR 3902						PLACE				Given at							
	HCM 1486						PLACE											
	HCM 1487						PLACE											
	HCM 2074						PLACE											
	HCM 1260						PLACE				Given at							
	HCM 2507						PLACE											
	HCM 2850						PLACE				Given at							
	HCM 1249						PLACE				Given at							
	HCM 1247						PLACE				Given at							
	HCM 246						PLACE				Given at							
	HCM 2887						PLACE											
	HCM 2871						PLACE				Given at							
	RBLR 1404	RBLR 1404, HCM 117					PLACE											
	HCM 2799						PLACE											
	HCM 2880						PLACE											
	HCM 2874						PLACE											
	HCM 326						PLACE											
	HCM 604						PLACE											
	HCM 2550						PLACE				Given at							
	HCM 1505						PLACE				Given at							
	RBLR 4001	RBLR 4001, HCM R95					PLACE		52.13333	-2.95	Given at (suggested)							
	HCM 492						PLACE				Given at							
	HCM 1809						PLACE				Given at							
	HCM 650						PLACE				Given at							
	HCM 651						PLACE		35.939459	9.211067	Given at							
	HCM 621						PLACE				Given at							
	HCM 1050						PLACE				Given at							
	HCM 1372	RBLR 2003, HCM 1372					PLACE		51.49635	-0.11152	Given at							
	HCM 1444						PLACE		51.49635	-0.11152	Given at							
	RBLR 2003	RBLR 2003, HCM 1372					PLACE		51.49635	-0.11152	Given at							
	RBLR 2603						PLACE				Given at							
	HCM 1713						PLACE				Given at							
	RBLR 2107						PLACE				Given at							
	RBLR 4407						PLACE											
	RBLR 4801						PLACE		51.49635	-0.11152	Given at							
	HCM 2100-em						PLACE											
	HCM 2100-em						PLACE											
	HCM 2100-em						PLACE											
	HCM 670						PLACE											
	HCM 678						PLACE											
	HCM 692						PLACE											
	HCM 755						PLACE											
	HCM 755						PLACE											
	HCM 2290						PLACE											
	RBLR 3605						PLACE											
	HCM 125						PLACE											
	HCM 430						PLACE											
	HCM 2100-em						PLACE											
	HCM 755						PLACE											
	HCM 340						PLACE											
	HCM 340						PLACE											
	HCM 340						PLACE											
	HCM 414						PLACE											
	HCM 65						PLACE											
	HCM 354						PLACE											
	HCM 420						PLACE											
	HCM 424						PLACE											
	HCM 516						PLACE											
	HCM 404						PLACE											
	HCM 421						PLACE											
	HCM 1292						PLACE											
	HCM 1053						PLACE											
	HCM 1054						PLACE											
	HCM 1055						PLACE											
	HCM 1524						PLACE											
	HCM 1799						PLACE		41.16454	-74.95212								
	HCM 1863						PLACE		41.16454	-74.95212								
	HCM 2316						PLACE											
	HCM 2735						PLACE		41.16454	-74.95212								
	HCM 601						PLACE		41.16454	-74.95212								
	HCM 604						PLACE		41.16454	-74.95212								
	HCM 360						PLACE											
	RBLR 4604	RBLR 4604, HCM R98a					PLACE											
	HCM 1025	RBLR 1706, HCM 1025					PLACE											
	RBLR 1706	RBLR 1706, HCM 1025					PLACE											
	RBLR 1705	RBLR 1705, HCM 1009					PLACE											
	HCM 693						PLACE											
	HCM 1822						PLACE											
	HCM 1370						PLACE											
	HCM 1769						PLACE											
	HCM 1866						PLACE											
	HCM 2455						PLACE											
	HCM 30						PLACE											
	HCM 661						PLACE											
	HCM 3216						PLACE											
	HCM 469						PLACE											
	HCM 1489						PLACE											
	HCM 29	RBLR 2004, HCM 29					PLACE											
	RBLR 2004	RBLR 2004, HCM 29					PLACE											
	HCM 34	RBLR 1901, HCM 34					PLACE											
	RBLR 1901	RBLR 1901, HCM 34					PLACE											
	HCM 1472						PLACE											
	HCM 324						PLACE											
	HCM 422						PLACE											
	HCM 423						PLACE											
	HCM 2111						PLACE											
	RBLR 4303	RBLR 4303, HCM 1377					PLACE											
	HCM 1377	RBLR 4303, HCM 1377					PLACE											
	HCM 710						PLACE											
	HCM 496						PLACE											
	RBLR 4902-em						PLACE											
	RBLR 4902	RBLR 4902, HCM R99a					PLACE											
	HCM 2690						PLACE											
	HCM 2690-em						PLACE											
	HCM 589						PLACE											
	HCM 1836						PLACE											
	HCM 1647						PLACE											
	HCM 608						PLACE											
	HCM 677						PLACE											
	HCM 608						PLACE											
	HCM 1903						PLACE											
	HCM 555						PLACE											
	HCM 555-em						PLACE											
	HCM 1333						PLACE											
	HCM 2469						PLACE											
	HCM 292						PLACE											
	HCM 684						PLACE											
	HCM 681						PLACE											
	HCM 1804						PLACE											
	HCM 1753						PLACE											
	HCM 348						PLACE											
	HCM 1249						PLACE											
	HCM 1193						PLACE											
	HCM 695						PLACE											
	HCM 2456						PLACE											
	HCM 1767-em1						PLACE											
	HCM 1228						PLACE											
	HCM 609						PLACE											
	HCM 352						PLACE											
	HCM 1699						PLACE											
	HCM 342						PLACE											
	HCM 2454						PLACE											
	HCM 946						PLACE											
	HCM 755						PLACE											
	HCM 2260						PLACE				Given at							
	HCM 623						PLACE				Given at							
	HCM 1510						PLACE				Given at							
	HCM 1658a						PLACE				Given at (suggested)							
	HCM 1723						PLACE				Given at							
	HCM 1724						PLACE				Given at							
	HCM 1729						PLACE		52.03639	-2.42635	Given at							
	HCM 1734						PLACE		52.03639	-2.42635	Given at							
	HCM 1750						PLACE				Given at							
	HCM 1751						PLACE				Given at (suggested)							
	HCM 1790						PLACE		52.03639	-2.42635	Given at							
	HCM 1798						PLACE		52.03639	-2.42635	Given at							
	HCM 1803						PLACE		52.03639	-2.42635	Given at							
	HCM 1804						PLACE		52.03639	-2.42635	Given at							
	HCM 1899-em						PLACE		52.03639	-2.42635	Given at							
	HCM 1902						PLACE		52.03639	-2.42635	Given at							
	HCM 1904						PLACE		52.03639	-2.42635	Given at							
	HCM 1910						PLACE		52.03639	-2.42635	Given at							
	HCM 1918						PLACE		52.03639	-2.42635	Given at							
	HCM 1933						PLACE		52.03639	-2.42635	Given at							
	HCM 287						PLACE		52.03639	-2.42635	Given at							
	HCM 292						PLACE		52.03639	-2.42635	Given at							
	HCM 352						PLACE		52.03639	-2.42635	Given at							
	HCM 582						PLACE				Given at							
	HCM 760						PLACE		52.03639	-2.42635	Given at							
	RBLR 1711	RBLR 1711, HCM 2724					PLACE		52.03639	-2.42635	Given at							
	HCM 217						PLACE											
	HCM 588						PLACE											
	HCM 58						PLACE											
	HCM 420						PLACE											
	HCM 1871						PLACE											
	HCM 380						PLACE											
	HCM 1334						PLACE											
	HCM 1699						PLACE											
	HCM 195						PLACE											
	HCM 1766						PLACE		52.22583	-2.74491	Given at							
	HCM 2531						PLACE		52.22583	-2.74491	Given at							
	HCM 2533						PLACE		52.22583	-2.74491	Given at							
	HCM 2534						PLACE		52.22583	-2.74491	Given at							
	HCM 2535						PLACE		52.22583	-2.74491	Given at							
	HCM 2605						PLACE		52.22583	-2.74491	Given at							
	HCM 2606						PLACE		52.22583	-2.74491	Given at							
	HCM 2647						PLACE		52.22583	-2.74491	Given at							
	HCM 2648						PLACE		52.22583	-2.74491	Given at							
	HCM 2649						PLACE		52.22583	-2.74491	Given at							
	HCM 2728						PLACE		52.22583	-2.74491	Given at							
	HCM 1414 A						PLACE				Given at							
	HCM 1172						PLACE				Given at							
	HCM 1173						PLACE		48.00972	0.19667	Given at							
	HCM 1786						PLACE											
	HCM 1334						PLACE											
	HCM 1073						PLACE											
	HCM 1652						PLACE		53.22683	-0.53792	Given at							
	HCM 2884						PLACE				Given at							
	HCM 1169						PLACE				Given at							
	HCM 1035	RBLR 1741, HCM 1035					PLACE		51.50853	-0.12574	Given at							
	HCM 1051	RBLR 2801, HCM 1051					PLACE		51.50853	-0.12574	Given at							
	HCM 1057						PLACE		51.50853	-0.12574	Given at							
	HCM 1422						PLACE		51.50853	-0.12574	Given at							
	HCM 1424						PLACE		51.50853	-0.12574	Given at							
	HCM 1428						PLACE		51.50853	-0.12574	Given at							
	HCM 1429						PLACE		51.50853	-0.12574	Given at							
	HCM 1430						PLACE		51.50853	-0.12574	Given at							
	HCM 1437						PLACE		51.50853	-0.12574	Given at							
	HCM 1439						PLACE		42.98339	-81.23304	Given at							
	HCM 1440						PLACE		51.50853	-0.12574	Given at							
	HCM 1502						PLACE		51.50853	-0.12574	Given at							
	HCM 1503						PLACE		51.50853	-0.12574	Given at							
	HCM 1599						PLACE		42.98339	-81.23304	Given at							
	HCM 1658						PLACE		51.50853	-0.12574	Given at							
	HCM 1834-em						PLACE		51.50853	-0.12574	Given at							
	HCM 1901						PLACE		51.50853	-0.12574	Given at							
	HCM 2091						PLACE		51.50853	-0.12574	Given at							
	HCM 2140						PLACE											
	HCM 2142						PLACE				Given at							
	HCM 2143						PLACE		51.50853	-0.12574	Given at							
	HCM 2536						PLACE		51.50853	-0.12574	Given at							
	HCM 2539						PLACE		51.50853	-0.12574	Given at							
	HCM 2545						PLACE		51.50853	-0.12574	Given at							
	HCM 2576						PLACE		51.50853	-0.12574	Given at							
	HCM 2579						PLACE		51.50853	-0.12574	Given at							
	HCM 2581						PLACE		51.50853	-0.12574	Given at							
	HCM 2595						PLACE		51.50853	-0.12574	Given at							
	HCM 2597						PLACE		51.50853	-0.12574	Given at							
	HCM 2598						PLACE		51.50853	-0.12574	Given at							
	HCM 2599						PLACE		51.50853	-0.12574	Given at							
	HCM 2600						PLACE		51.50853	-0.12574	Given at							
	HCM 2617						PLACE		51.50853	-0.12574	Given at							
	HCM 2619						PLACE		51.50853	-0.12574	Given at							
	HCM 2621						PLACE		51.50853	-0.12574	Given at							
	HCM 2658						PLACE		51.50853	-0.12574	Given at							
	HCM 2667						PLACE		51.50853	-0.12574	Given at							
	HCM 2673						PLACE		51.50853	-0.12574	Given at							
	HCM 2708						PLACE		51.50853	-0.12574	Given at							
	HCM 2714						PLACE		51.50853	-0.12574	Given at							
	HCM 2721						PLACE		51.50853	-0.12574	Given at							
	HCM 2722						PLACE		51.50853	-0.12574	Given at							
	HCM 2723						PLACE		51.50853	-0.12574	Given at							
	HCM 2799						PLACE		51.50853	-0.12574	Given at							
	HCM 2839						PLACE		51.50853	-0.12574	Given at							
	HCM 2926						PLACE		51.50853	-0.12574	Given at							
	HCM 2926-em						PLACE		51.50853	-0.12574	Given at							
	HCM 3199						PLACE		51.50853	-0.12574	Given at							
	HCM 3208						PLACE		51.50853	-0.12574	Given at							
	RBLR 1737	RBLR 1737, HCM 1002					PLACE		51.50853	-0.12574	Given at							
	RBLR 1738	RBLR 1738, HCM 1007					PLACE		51.50853	-0.12574	Given at							
	RBLR 1741	RBLR 1741, HCM 1035					PLACE		51.50853	-0.12574	Given at							
	RBLR 2801	RBLR 2801, HCM 1051					PLACE		51.50853	-0.12574	Given at							
	RBLR 3102						PLACE		51.50853	-0.12574	Given at							
	RBLR 3206						PLACE		51.50853	-0.12574	Given at							
	RBLR 3207						PLACE		51.50853	-0.12574	Given at							
	RBLR 3208						PLACE				Given at							
	RBLR 4802						PLACE		51.50853	-0.12574	Given at							
	RBLR 4807						PLACE		51.50853	-0.12574	Given at							
	HCM 2141						PLACE				Given at							
	HCM 2464						PLACE											
	HCM 1312						PLACE											
	HCM 557						PLACE				Given at							
	HCM 638						PLACE				Given at							
	HCM 378						PLACE		52.37431	-2.71311	Given at							
	HCM 478						PLACE		52.37431	-2.71311	Given at							
	RBLR 1726	RBLR 1726, HCM 1042					PLACE		52.37431	-2.71311	Given at							
	RBLR 5601						PLACE		52.37431	-2.71311	Given at							
	HCM 3202						PLACE											
	HCM 571						PLACE				Given at							
	RBLR 3002						PLACE											
	RBLR 4703						PLACE				Given at							
	HCM 594						PLACE				Given at							
	HCM 627						PLACE		-41.819015	-73.07448	Given at							
	HCM 644						PLACE				Given at							
	HCM 3162-em						PLACE		38.34501	-98.20173	Given at							
	HCM 140						PLACE											
	HCM 648						PLACE				Given at (suggested)							
	HCM 649						PLACE				Given at (suggested)							
	RBLR 4808						PLACE				Given at							
	HCM 2386						PLACE											
	HCM 2285						PLACE											
	HCM 432						PLACE											
	HCM 2509						PLACE											
	HCM 2510						PLACE											
	HCM 2882						PLACE											
	HCM 2503						PLACE				Given at							
	HCM 3223						PLACE											
	RBLR 2802	RBLR 2802, HCM R76					PLACE											
	HCM 2914						PLACE											
	HCM 2386						PLACE											
	RBLR 1742						PLACE											
	HCM 557						PLACE		29.94826	-91.98873								
	HCM 1732	RBLR 0801, HCM 1732					PLACE											
	HCM 1621						PLACE				Given at							
	HCM 2096						PLACE											
	HCM 1172						PLACE											
	HCM 306						PLACE											
	RBLR 3603						PLACE											
	RBLR 3704						PLACE											
	HCM 1768						PLACE											
	HCM 271						PLACE											
	HCM 1682						PLACE											
	HCM 1683						PLACE											
	HCM 3006						PLACE				Given at							
	HCM 3010						PLACE				Given at							
	HCM 2818						PLACE				Given at (suggested)							
	HCM 2130						PLACE				Given at (suggested)							
	HCM 2819-em2						PLACE				Given at (suggested(							
	HCM 2819-em1						PLACE				Given at (suggested(							
	HCM 3005.E						PLACE				Given at							
	HCM 2614						PLACE		51.81265	-2.71363	Given at							
	RBLR 1301						PLACE				Given at (suggested)							
	HCM 367						PLACE				Given at							
	HCM 1313						PLACE		41.03606	-111.67688	Given at							
	HCM 1416						PLACE				Given at							
	HCM 1747						PLACE				Given at							
	HCM 1755						PLACE				Given at							
	HCM 670						PLACE				Given at (suggested)							
	HCM 539						PLACE				Given at							
	HCM 2467						PLACE				Given at							
	HCM 382						PLACE		51.93365	-2.40815	Given at							
	HCM 383						PLACE		51.93365	-2.40815	Given at							
	HCM 392						PLACE		51.93365	-2.40815	Given at							
	HCM 1423						PLACE		51.51247967	-0.11048263	Given at							
	HCM 1169						PLACE											
	HCM 436						PLACE											
	HCM 1266						PLACE											
	HCM 1266						PLACE											
	HCM 380						PLACE		41.02922	-81.63818	Given at							
	HCM 1871						PLACE				Given at							
	HCM 1327						PLACE		52.9536	-1.15047	Given at							
	HCM 1329						PLACE		52.9536	-1.15047	Given at							
	HCM 1471						PLACE											
	HCM 1277						PLACE											
	HCM 1266						PLACE											
	HCM 1266						PLACE											
	HCM 1872						PLACE											
	HCM 692						PLACE											
	HCM 2163						PLACE											
	HCM 2100-em						PLACE											
	HCM 468						PLACE											
	HCM 1724						PLACE											
	HCM 689						PLACE											
	HCM 679						PLACE											
	HCM 6						PLACE											
	HCM 5						PLACE											
	HCM 359						PLACE											
	HCM 31						PLACE											
	HCM 8						PLACE											
	HCM 700						PLACE											
	HCM 633						PLACE											
	HCM 280						PLACE											
	HCM 1266						PLACE											
	HCM 2289						PLACE											
	HCM 433						PLACE											
	HCM 2165	RBLR 3001, HCM 2165					PLACE											
	RBLR 3001	RBLR 3001, HCM 2165					PLACE											
	RBLR 3001-em						PLACE											
	HCM 1274						PLACE											
	HCM 2274						PLACE											
	HCM 755						PLACE											
	HCM 358						PLACE											
	HCM 1260						PLACE											
	HCM 492						PLACE											
	HCM 1266						PLACE											
	HCM 338						PLACE											
	HCM 1755						PLACE											
	HCM 556						PLACE											
	HCM 557						PLACE											
	HCM 1747						PLACE											
	HCM 2056						PLACE											
	HCM 635						PLACE											
	HCM 1058						PLACE											
	HCM 593						PLACE											
	RBLR 1303	RBLR 1303, HCM 17					PLACE											
	HCM 1646						PLACE											
	RBLR 1403	RBLR 1403, HCM 14					PLACE											
	RBLR 1402	RBLR 1402, HCM 13					PLACE											
	HCM 23	RBLR 0501, HCM 23					PLACE											
	RBLR 0501	RBLR 0501, HCM 23					PLACE											
	HCM 15						PLACE											
	HCM 687						PLACE											
	HCM 367						PLACE											
	HCM 1276						PLACE											
	HCM 21						PLACE											
	HCM 1803						PLACE											
	HCM 2056						PLACE											
	HCM 755						PLACE											
	HCM 1626						PLACE											
	HCM 1736						PLACE											
	HCM 2075						PLACE											
	HCM 2077						PLACE											
	HCM 2077-em						PLACE											
	HCM 530						PLACE											
	HCM 2248						PLACE											
	HCM 2100-em						PLACE											
	HCM 755						PLACE											
	RBLR 1401	RBLR 1401, HCM 12					PLACE											
	HCM 1679						PLACE											
	HCM 1863						PLACE											
	RBLR 1608	RBLR 1608, HCM 4					PLACE											
	HCM 2089						PLACE											
	HCM 2089-em1						PLACE											
	RBLR 3003	RBLR 3003, HCM 2089a					PLACE											
	RBLR 3003-em						PLACE											
	HCM 2089-em2						PLACE											
	HCM 703						PLACE											
	RBLR 3004	RBLR 3004, HCM R79					PLACE											
	RBLR 3004-em						PLACE											
	HCM 60						PLACE											
	HCM 531						PLACE											
	HCM 1667						PLACE											
	HCM 3215.B						PLACE											
	HCM 678						PLACE											
	HCM 3215 A						PLACE											
	HCM 392						PLACE											
	HCM 516						PLACE											
	HCM 672						PLACE											
	HCM 669						PLACE											
	HCM 1179						PLACE											
	HCM 497						PLACE											
	HCM 1803						PLACE											
	HCM 2317						PLACE											
	HCM 650						PLACE											
	HCM 2797-em3						PLACE		49.41631	1.92302	Given at							
	HCM 622						PLACE											
	HCM 1339						PLACE				Given at							
	HCM 1414 A						PLACE											
	HCM 1414 A-em						PLACE		42.71702	12.11363	Given at							
	HCM 2529						PLACE		42.71702	12.11363	Given at							
	HCM 2797						PLACE				Given at							
	HCM 2837						PLACE		42.71702	12.11363	Given at							
	HCM 1311						PLACE				Given at							
	HCM 1312						PLACE		41.43083	20.45556	Given at							
	HCM 1529						PLACE				Given at							
	HCM 2932.E						PLACE		41.60201343	13.17762716								
	HCM 384						PLACE				Given at							
	HCM 385						PLACE				Given at (suggested)							
	HCM 386						PLACE				Given at							
	HCM 1414						PLACE				Given at							
	HCM 2129						PLACE		48.856667	2.350987	Given at							
	HCM 1858						PLACE											
	HCM 2159						PLACE											
	HCM 623						PLACE											
	HCM 322						PLACE				Given at							
	HCM 323						PLACE				Given at							
	HCM 324						PLACE				Given at							
	HCM 325						PLACE				Given at							
	HCM 326						PLACE				Given at							
	HCM 2169						PLACE											
	HCM 1866						PLACE		-6.6313	111.528	Given at							
	HCM 1432						PLACE				Given at							
	HCM 1620						PLACE				Given at							
	RBLR 2602						PLACE				Given at (suggested)							
	HCM 2469						PLACE				Given at							
	HCM 2469-em						PLACE				Given at							
	HCM 555-em						PLACE				Given at							
	RBLR 2201						PLACE		6.16739	101.18008	Given at (suggested)							
	RBLR 2202						PLACE				Given at (suggested)							
	RBLR 2203						PLACE				Given at							
	RBLR 4605						PLACE				Given at							
	RBLR 4606						PLACE				Given at							
	HCM 1179						PLACE		50.643223	-2.421539	Given at							
	HCM 1486						PLACE		50.643223	-2.421539	Given at							
	HCM 2888						PLACE				Given at							
	RBLR 1907						PLACE				Given at							
	RBLR 1908						PLACE				Given at							
	RBLR 1909						PLACE				Given at							
	HCM 2465						PLACE		41.75	12.665								
	HCM 420						PLACE				Given at							
	HCM 421						PLACE				Given at							
	HCM 423						PLACE				Given at							
	HCM 7						PLACE											
	HCM 1322						PLACE		51.45625	-0.97113	Given at							
	HCM 1903						PLACE				Given at							
	HCM 530						PLACE				Given at							
	HCM 1863						PLACE											
	RBLR 1904						PLACE				Given at							
	RBLR 1905						PLACE				Given at							
	RBLR 1906						PLACE				Given at							
	RBLR 4201	RBLR 4201, HCM R95a					PLACE				Given at (suggested)							
	HCM 34	RBLR 1901, HCM 34					PLACE											
	RBLR 3803	RBLR 3803, HCM R90					PLACE		41.86676	-72.44953	Given at							
	HCM 2996						PLACE				Given at							
	HCM 2089-em1						PLACE				Given at							
	HCM 597						PLACE		53.2858	24.4128	Given at (suggested)							
	RBLR 3003-em						PLACE		51.91667	-2.56667	Given at							
	HCM 1828						PLACE				Given at							
	RBLR 1817						PLACE				Given at							
	RBLR 1818						PLACE				Given at							
	RBLR 2101						PLACE				Given at							
	HCM 680						PLACE											
	HCM 1314						PLACE											
	HCM 435						PLACE											
	HCM 322						PLACE											
	HCM 1378-em2						PLACE				Given at							
	RBLR 4503	RBLR 4503, HCM R98					PLACE											
	RBLR 4503-em2						PLACE				Given at							
	HCM 1587						PLACE											
	HCM 2132						PLACE		52.71009	-2.75208	Given at							
	HCM 50						PLACE											
	HCM 682						PLACE											
	HCM 1264						PLACE											
	HCM 1265						PLACE											
	HCM 1281						PLACE											
	HCM 427						PLACE											
	HCM 1798						PLACE											
	HCM 2305						PLACE											
	HCM 1851						PLACE				Given at							
	HCM 1855						PLACE		51.513741698095345	-0.098465147372751	Given at							
	HCM 2717						PLACE				Given at							
	HCM 1647						PLACE				Given at							
	HCM 1657						PLACE				Given at							
	HCM 339						PLACE				Given at							
	HCM 340						PLACE				Given at							
	HCM 341						PLACE				Given at							
	HCM 342						PLACE				Given at							
	HCM 346						PLACE				Given at							
	HCM 558						PLACE				Given at							
	HCM 559						PLACE				Given at							
	HCM 2686						PLACE		52.331047	0.867762	Given at							
	RBLR 2107						PLACE				Given at							
	RBLR 4407						PLACE				Given at							
	HCM 222						PLACE											
	RBLR 3204-em1						PLACE				Given at							
	HCM 1052						PLACE				Given at							
	HCM 1059						PLACE				Given at							
	HCM 1378-em1						PLACE		17.5	47.5	Given at							
	HCM 1892						PLACE				Given at							
	HCM 2164						PLACE				Given at							
	RBLR 1745						PLACE				Given at							
	RBLR 1746						PLACE				Given at							
	RBLR 4503-em1						PLACE				Given at							
	HCM 666						PLACE				Given at							
	HCM 2274						PLACE		8.19228	77.265021	Given at							
	HCM 1523						PLACE		51.62079	-3.94323	Given at							
	HCM 1768						PLACE		51.62079	-3.94323	Given at							
	RBLR 1742						PLACE		6.46038	-71.72923	Given at							
	HCM 286						PLACE											
	HCM 1584						PLACE				Given at							
	HCM 1587						PLACE				Given at							
	HCM 104						PLACE											
	HCM 2079						PLACE											
	HCM 2372						PLACE											
	HCM 1804						PLACE											
	HCM 2019						PLACE											
	RBLR 1001	RBLR 1001, HCM 61					PLACE											
	HCM 2855						PLACE											
	HCM 1376						PLACE											
	HCM 674						PLACE											
	HCM 1366						PLACE		51.7484	-0.97624	Given at							
	HCM 1815						PLACE											
	HCM 773						PLACE											
	HCM 2932.E						PLACE											
	HCM 598						PLACE											
	HCM 2386						PLACE											
	HCM 1684						PLACE											
	HCM 2870						PLACE											
	RBLR 4405						PLACE											
	HCM 497						PLACE											
	HCM 1899						PLACE											
	HCM 1899-em						PLACE											
	HCM 2219						PLACE											
	HCM 2742						PLACE											
	HCM 2837-em						PLACE		41.885906	12.506156	Given at							
	HCM 1885						PLACE											
	HCM 560						PLACE											
	HCM 621						PLACE											
	HCM 1681						PLACE											
	HCM 685						PLACE											
	HCM 694						PLACE											
	HCM 2997						PLACE				Given at							
	HCM 2915						PLACE											
	HCM 406						PLACE											
	RBLR 1819						PLACE											
	HCM 2059						PLACE											
	HCM 1702						PLACE											
	HCM 2305						PLACE											
	HCM 2305						PLACE											
	HCM 1075						PLACE											
	HCM 1933						PLACE											
	HCM 322						PLACE											
	HCM 1931-em						PLACE				Given at							
	HCM 1657						PLACE											
	HCM 1266						PLACE											
	HCM 644						PLACE											
	HCM 664						PLACE											
	HCM 1271						PLACE											
	HCM 37						PLACE											
	HCM 1200						PLACE											
	HCM 1246						PLACE											
	HCM 636						PLACE											
	HCM 1703						PLACE											
	HCM 1654						PLACE											
	HCM 1624						PLACE											
	RBLR 3703						PLACE											
	HCM 606						PLACE											
	HCM 2122						PLACE											
	HCM 2268						PLACE											
	HCM 1928						PLACE											
	HCM 2451						PLACE											
	HCM 2817						PLACE											
	HCM 2140						PLACE											
	HCM 2779						PLACE											
	HCM 2468						PLACE											
	HCM 3178						PLACE											
	HCM 665						PLACE											
	HCM 2222						PLACE											
	HCM 2620						PLACE											
	HCM 1928						PLACE											
	HCM 2451						PLACE											
	HCM 2166						PLACE											
	RBLR 3205						PLACE											
	HCM 597						PLACE											
	RBLR 2501						PLACE				Given at							
	RBLR 3602						PLACE				Given at							
	RBLR 3701						PLACE				Given at							
	RBLR 4501						PLACE											
	HCM 2187						PLACE				Given at							
	HCM 1703						PLACE				Given at							
	RBLR 1201	RBLR 1201, HCM 553					PLACE											
	HCM 2055						PLACE											
	HCM 250						PLACE											
	HCM 236						PLACE											
	HCM 3198						PLACE											
	HCM 2463						PLACE											
	HCM 2305						PLACE											
	HCM 2305						PLACE											
	HCM 22						PLACE											
	HCM 2305						PLACE											
	HCM 536						PLACE											
	HCM 538						PLACE											
	HCM 539						PLACE											
	RBLR 0907	RBLR 0907, HCM 1733					PLACE											
	HCM 1266						PLACE		51.512660955	-0.10292211								
	HCM 1266						PLACE		51.512660955	-0.10292211								
	HCM 1266						PLACE		51.512660955	-0.10292211								
	HCM 564						PLACE											
	HCM 2100-em						PLACE											
	HCM 11						PLACE											
	HCM 2056						PLACE											
	HCM 547						PLACE											
	HCM 346						PLACE											
	HCM 353						PLACE											
	HCM 594						PLACE											
	HCM 2881						PLACE											
	HCM 2097						PLACE											
	HCM 663						PLACE											
	HCM 637						PLACE											
	HCM 20						PLACE											
	HCM 1751						PLACE		51.512660955	-0.10292211								
	HCM 2100-em						PLACE		51.512660955	-0.10292211								
	HCM 688						PLACE											
	HCM 755						PLACE		51.512660955	-0.10292211								
	HCM 603						PLACE											
	HCM 38						PLACE											
	HCM 2876						PLACE											
	HCM 126						PLACE											
	HCM 1266						PLACE											
	HCM 142						PLACE											
	RBLR 2804						PLACE											
	HCM 605						PLACE											
	HCM 382						PLACE											
	HCM 600						PLACE											
	HCM 604						PLACE											
	HCM 2089						PLACE											
	HCM 2089-em1						PLACE											
	HCM 2089-em2						PLACE											
	HCM 2100						PLACE											
	HCM 2100-em						PLACE											
	HCM 76						PLACE											
	RBLR 3003	RBLR 3003, HCM 2089a					PLACE											
	RBLR 3003-em						PLACE											
	RBLR 3004	RBLR 3004, HCM R79					PLACE											
	RBLR 3004-em						PLACE											
	RBLR 3602						PLACE											
	RBLR 3701						PLACE											
	HCM 275						PLACE											
	HCM 1584						PLACE											
	HCM 385						PLACE											
	HCM 559						PLACE											
	HCM 1689						PLACE											
	HCM 670						PLACE											
	HCM 16						PLACE											
	HCM 611						PLACE											
	HCM 531						PLACE											
	HCM 1887						PLACE											
	HCM 2505						PLACE											
	RBLR 3109						PLACE				Given at							
	HCM 1753						PLACE				Given at							
	HCM 1601						PLACE				Given at							
	RBLR 4603						PLACE				Given at							
	RBLR 4404						PLACE				Given at							
	RBLR 4405						PLACE				Given at							
	RBLR 5102						PLACE				Given at							
	RBLR 5103						PLACE				Given at							
	HCM 600						PLACE		41.87834	-91.83462	Given at							
	HCM 601						PLACE		41.87834	-91.83462	Given at							
	HCM 602						PLACE		41.87834	-91.83462	Given at							
	HCM 603						PLACE		41.87834	-91.83462	Given at							
	HCM 604						PLACE				Given at							
	HCM 605						PLACE		32.020202	15.096728	Given at							
	RBLR 3203						PLACE		51.687	-0.00421	Given at							
	HCM 2261.a						PLACE		52.28333	-1.58333	Given at							
	HCM 2508						PLACE											
	HCM 1658						PLACE											
	HCM 2134						PLACE				Given at							
	HCM 2133						PLACE				Given at							
	HCM 147						PLACE				Given at							
	HCM 1435						PLACE		51.5	-0.11667	Given at							
	HCM 1736						PLACE				Given at							
	HCM 1767						PLACE		51.5	-0.11667	Given at							
	HCM 1767-em2						PLACE		33.75918	-118.00673	Given at							
	HCM 1820						PLACE		51.5	-0.11667	Given at							
	HCM 1854						PLACE		51.5	-0.11667	Given at							
	HCM 1862						PLACE		51.5	-0.11667	Given at							
	HCM 1929						PLACE		51.5	-0.11667	Given at							
	HCM 1930						PLACE		51.5	-0.11667	Given at							
	HCM 2674						PLACE		51.5	-0.11667	Given at							
	HCM 2679						PLACE		51.5	-0.11667	Given at							
	HCM 2780						PLACE		51.5	-0.11667	Given at							
	HCM 2880						PLACE		51.5	-0.11667	Given at							
	RBLR 1607						PLACE		51.5	-0.11667	Given at							
	RBLR 1819						PLACE		51.5	-0.11667	Given at							
	RBLR 2102						PLACE		51.5	-0.11667	Given at							
	RBLR 2104						PLACE		51.5	-0.11667	Given at							
	RBLR 2105						PLACE		51.5	-0.11667	Given at							
	RBLR 3101						PLACE		51.5	-0.11667	Given at							
	RBLR 3703						PLACE		51.5	-0.11667	Given at							
	RBLR 4407						PLACE		51.5	-0.11667	Given at							
	HCM 636						PLACE		51.961033	-0.149112	Given at							
	HCM 1474						PLACE											
	HCM 2451						PLACE				Given at							
	RBLR 4602						PLACE				Given at							
	RBLR 4806						PLACE				Given at							
	HCM 2613						PLACE				Given at							
	HCM 2615						PLACE				Given at							
	HCM 2616						PLACE				Given at							
	HCM 2689						PLACE				Given at							
	HCM 2532						PLACE				Given at							
	HCM 23	RBLR 0501, HCM 23					PLACE											
	HCM 1376						PLACE				Given at							
	HCM 2947.G						PLACE		51.48333	-0.6	Given at							
	RBLR 3110						PLACE		51.832345	-1.956272	Given at							
	RBLR 3111						PLACE		51.832345	-1.956272	Given at							
	RBLR 3112						PLACE		51.832345	-1.956272	Given at							
	RBLR 3205						PLACE		51.832345	-1.956272	Given at							
	RBLR 2803						PLACE		52.18935	-2.22001	Given at							
	HCM 1527						PLACE				Given at (suggested)							
	HCM 1060						PLACE				Given at							
	HCM 2131						PLACE				Given at							
	HCM 516						PLACE				Given at							
	RBLR 1738	RBLR 1738, HCM 1007					PLACE				Given at							
	RBLR 1813	RBLR 1813, HCM 1027					PLACE				Given at							
	HCM 2549						PLACE		53.95763	-1.08271	Given at							
	HCM 2553						PLACE		53.95763	-1.08271	Given at							
	HCM 2555						PLACE		53.95763	-1.08271	Given at							
	HCM 2556						PLACE		53.95763	-1.08271	Given at							
	HCM 2561						PLACE		53.95763	-1.08271	Given at							
	HCM 2564						PLACE		53.95763	-1.08271	Given at							
	HCM 2565						PLACE		53.95763	-1.08271	Given at							
	HCM 2566						PLACE		53.95763	-1.08271	Given at							
	HCM 2576						PLACE		53.95763	-1.08271	Given at							
	RBLR 1902						PLACE		53.95763	-1.08271	Given at							
	HCM 403						PLACE											
